Nome_Original,Nome_Canonico
Adenauer Corrêa Yamin,Adenauer Correa Yamin
Adrielle Veras de Almeida,Adrianne Veras de Almeida
Adriano H. Braga,Adriano Braga
Amanda Rodrigues,Alan Rodrigues
Alana Araújo,Alana Araujo
Aline Marques de Morais,Alana Marques de Morais
Alex Vieira,Alex B. Vieira
Luiz Alexandre Costa,Alexandre Costa
Alexandre Lopes,Alexandre F. Lopes
Alice Finger,Alice F. Finger
Alinne C. Corrêa Souza,Alinne C. Correa Souza
Ana Beatriz da S. Martins,Ana Beatriz S. Matias
Ana Karolinna Maia,Ana Karolina Maia
Ana Luíza S. Milson,Ana Luísa S. Milson
André Aquino,Andre Aquino
André L. L. Aquino,Andre L. L. Aquino
Andrea S. Charão,Andrea Charão
André Pereira,André G. Pereira
Ariany M. Almeida Maia,Ariany Almeida Maia
Augusto V. Neto,Augusto Neto
Bruno C. da Silva,Bruna A. da Silva
Bruna Mariana Souza,Bruna Mariana F. de Souza
Bruno P. Masquio,Bruno Masquio
Bruno Moura,Bruno Mota
Bruno P. Oliveira,Bruno Oliveira
Carla D. Castanho,Carla Castanho
Carlo Rodrigues,Carla Rodriguez
Mauro Oliveira,Carlo Oliveira
Carlos Silva,Carlos A. Silva
Carlos Maurício Seródio Figueiredo,Carlos Maurício S. Figueiredo
Carlos Roberto Beleti Junior,Carlos R. Beleti Junior
Christiane Gresse von Wangenheim,Christiane G. von Wangenheim
Cleidson de Souza,Cleidson Souza
Cleon X. Pereira Júnior,Cleon X. Pereira Junior
Cleon Xavier Pereira Junior,Cleon X. Pereira Junior
Cristiano André da Costa,Cristiano A. da Costa
Cristina G. Fernandes,Cristina Fernandes
Cândida Nunes da Silva,Cândida N. da Silva
Daniel R. Figueiredo,Daniel Figueiredo
Daniel Palomino,Daniel M. Palomino
Daniel Menasché,Daniel Menasch
Daniel S. Menasché,Daniel Menasch
Daniele Trevisan,Daniela Trevisan
Denis do Rosário,Denis Rosário
Denise H. Goya,Denise Goya
Dilma da Silva,Dilma Da Silva
Edson M. da Costa,Ederson R. da Costa
Eduardo Oliveira,Edgar Oliveira
Edson T. Midorikawa,Edson Midorikawa
Eduardo C. de Almeida,Eduardo C. Almeida
Eduardo H. Gomes,Eduardo G. Gomes
Esdras L. Bispo Jr.,Esdras Bispo Jr.
Fabiano S. Oliveira,Fabiano Oliveira
Fábio Oliveira,Fabiano Oliveira
Fabíola G. Nakamura,Fabiola F. Nakamura
Fabíola Nakamura,Fabiola F. Nakamura
Fabrícia Damando Santos,Fabricia Damando Santos
Fabrício Silva,Fabrício A. Silva
Fabíola Pantoja O. Araújo,Fabíola Pantoja O. Araujo
Filipe Fernandes,Filipe C. Fernandes
Flávia Delicato,Flávia C. Delicato
Francisco M. S. Rocha,Francisco A. Rocha
Franklin de Lima Marquezino,Franklin de L. Marquezino
Fábio H. Botler,Fábio Botler
Fábio V. Martinez,Fábio H. V. Martinez
Gabriel W. A. Silva,Gabriel G. Silva
Gabriel Hellen de Sousa,Gabriel H. de Sousa
Geraldo Braz Júnior,Geraldo Braz Junior
Guilherme O. Mota,Guilherme Mota
Guillermo Davila,Guillermo A. Dávila
Gustavo S. Rodrigues,Gustavo Rodrigues
Hígor Santos,Hugo Santos
Igor W. S. Falcão,Igor W. A. Falcão
Israel Vasconcelos,Israel L. C. Vasconcelos
Janaína Gomide,Janaina Gomide
Jayme Luiz Szwarcfiter,Jayme L. Szwarcfiter
Jayme Szwarcfiter,Jayme L. Szwarcfiter
Jean Araújo,Jean Araujo
Jefferson O. Andrade,Jefferson Andrade
Jonnhy Marques,Johnny Marques
Jonathan R. da Silva,Jonathan C. F. da Silva
Josivaldo de S. Araújo,Josivaldo S. Araújo
João Gabriel Rocha Silva,João Gabriel R. Silva
João Gabriel Silva,João Gabriel R. Silva
Júlia Luiza Conceição,Julia Luiza da Conceição
Karina Branco,Kalinka Branco
Karin S. Komati,Karin Komati
Kelly Bianca Araújo Silva,Kelly Bianca Araujo Silva
Lara Gomes,Lana Gomes
Luciana Gomes,Lana Gomes
Lauana Maria C. de Oliveira,Lauana M. C. de Oliveira
Leonardo B. M. Silva,Leonardo A. Silva
Leonardo Silva,Leonardo A. Silva
Liria Sato,Liria M. Sato
Lucas L. de Oliveira,Lucas B. Oliveira
Lucas Silva,Lucas L. Silva
Luciana Bolan Frigo,Luciana B. Frigo
Luís Henrique M. K. Costa,Luis Henrique M. K. Costa
Lívia M. R. S. Campos,Lívia M. C. Campos
Marcelino Silva da Silva,Marcelino S. da Silva
Marcos C. da R. Seruffo,Marcos C. R. Seruffo
Maria Andréia Formico Rodrigues,Maria Andréia F. Rodrigues
Maria Cecília Calani Baranauskas,Maria Cecilia Calani Baranauskas
Maria Fernanda Abalem Franca Nunes Costa,Maria Fernanda Abalem Franca Nunes
Maria Júlia Marques Schettini,Maria Júlia M. Schettini
Maria Victoria Soares Fiori,Maria Victoria S. Fiori
Maria Victória Fiori,Maria Victoria S. Fiori
Marina da Silva Rocha,Marina da S. Rocha
Murilo Souza,Marlo Souza
Matheus F. de Oliveira,Matheus D. de Oliveira
Maurício M. Arimoto,Maurício Arimoto
Myllena C. de Oliveira,Mayra C. de Oliveira
Michele Brandão,Michele A. Brandão
Mirella Moro,Mirella M. Moro
Monica Pereira,Monica M. Pereira
Moysés Sampaio Jr.,Moysés Sampaio Jr
Márcia Gonçalves de Oliveira,Márcia Gonçalves Oliveira
Márcio de A. Miranda,Márcio A. Miranda
Natasha Malveira Costa Valentim,Natasha Malveira C. Valentim
Nathalia Gomes Teixeira,Nathalia G. Teixeira
Natália Louzada,Natália C. Louzada
Natália do C. Louzada,Natália C. Louzada
Núbia Rosa da Silva,Nubia Rosa da Silva
Otacílio Pereira,Otacílio José Pereira
Patrícia Abe Turato,Patricia Abe Turato
Patrícia Araújo-de-Oliveira,Patrícia Araújo de Oliveira
Rafael L. Gomes,Rafael Gomes
Rafaela Gomes,Rafael Gomes
Rafael S. Lopes,Rafael Lopes
Ramayane Braga,Ramayane B. Braga
Raul Lopes,Raquel Lopes
Rebeca M. de C. T. Figueiredo,Raquel M. de C. T. Figueiredo
Ronaldo Santos,Reginaldo Santos
Reinaldo Braga,Reinaldo B. Braga
Ricardo Vilela,Ricardo F. Vilela
Ricardo de Souza,Ricardo Souza
Robertino Mendes Santiago Junior,Robertino M. Santiago Junior
Roberto Bittencourt,Roberto A. Bittencourt
Rodrigo da R. Righi,Rodrigo R. Righi
Rômulo Silva de Oliveira,Romulo Silva de Oliveira
Ronney Moreira de Castro,Ronney Moreira Castro
Rosiane de Freitas,Rosiane Freitas
Samuel N. Araújo,Samuel M. A. Araújo
Sandro Oliveira,Sandra Oliveira
Sara M. Silva ,Sara M. Silva
Sergio T. Carvalho,Sergio Carvalho
Silvia Amélia Bim,Silvia Amelia Bim
Sílvia Amélia Bim,Silvia Amelia Bim
Taciana Pontual Falcão,Taciana Pontual Falcão
Tatiane Figueiredo,Tatiane F. Figueiredo
Thais V. Batista,Thais Batista
Thais R. M. Braga Silva,Thais R. M. B. Silva
Thais Regina de Moura Braga Silva,Thais R. de Moura Braga Silva
Thalia S. de Santana,Thalia S. Santana
Thalia Santana,Thalia S. Santana
Thiago de Queiroz,Thiago A. de Queiroz
Thiago R. Almeida,Thiago G. de Almeida
Vinicius F. dos Santos,Vinicius F. Santos
Vinicius dos Santos,Vinicius F. Santos
Vinícius R. P. Borges,Vinicius R. P. Borges
Vinícius Schineider Januário Viana,Vinicius Schineider Januário Viana
