Autor,Comunidade_ID,Gênero
Karen Ribeiro,0,Mulher
Aline M. M. M. Amaral,1,Mulher
Guilherme G. Arcencio,11,Homem
Bruno Masquio,14,Homem
Paulo E. D. Pinto,14,Homem
Juliana Magalhães,4,Mulher
Michel S. Bonfim,5,Homem
Uéverton S. Souza,14,Homem
Sabrina B. Sassi,0,Mulher
Eduardo C. Xavier,18,Homem
Ueverton Souza,14,Homem
Suzany Angeli,7,Mulher
Leomar S. da Rosa Jr.,8,Homem
Welverton Rodrigues da Silva,18,Homem
Milene Selbach Silveira,7,Mulher
Renato Mota,10,Homem
Renata Figueiredo,15,Mulher
Lucas Penning,12,Homem
Allan Mori,1,Homem
Antônio Pinto,13,Homem
Cícero S. Morais,18,Homem
Ana Luísa V. Solórzano,15,Mulher
Eduardo Lima,10,Homem
Carlos A. Silva,13,Homem
Fabrício Neitzke Ferreira,16,Homem
João Choma Neto,1,Homem
Delano Maia,17,Homem
Roberto Parente,11,Homem
Cláudio Machado Diniz,16,Homem
Ariel Teles,13,Homem
Danielle Martins,14,Mulher
Weverson Nascimento,2,Homem
Jeovana Leão,4,Mulher
Aline Vieira de Mello,3,Mulher
Adriano Yasuda,15,Homem
Franciely Souza,10,Mulher
Maikon Costa,13,Homem
Amanda Argou,8,Mulher
Bruno Mota,16,Homem
Flavia Bonomo,14,Mulher
Flávio K. Miyazawa,18,Homem
Eduarda Chagas,13,Mulher
Gleison Souza Diniz Mendonça,14,Homem
Paulo H. Rocha,5,Homem
Rafael Lopes,10,Homem
Cleber S. Peter,12,Homem
Rafael Gomes,13,Mulher
Simone Diniz Junqueira Barbosa,7,Mulher
Rafael G. Trindade,15,Homem
Mateus Santos,7,Homem
Helida Santos,16,Mulher
Eduardo Grampín,6,Homem
Valmir C. Barbosa,14,Homem
Maria Tostes,10,Mulher
Rodrigo S. Miani,6,Homem
Carlos Alberto Severiano Júnior,9,Homem
Marcelo Y. Shigenaga,1,Homem
Sergio Cleger,0,Homem
Daniel Figueiredo,11,Homem
Rafael G. Damasceno,11,Homem
Robson Melo,0,Homem
Rodrigo Bavaresco,12,Homem
Jorge Aranda,12,Homem
Leandro Schneider,15,Homem
Rodrigo Lambrecht,12,Homem
Leonardo Rocha,2,Homem
Fabiano Oliveira,14,Homem
Felipe Oliveira,13,Homem
Ingrid Santos,4,Mulher
Kennedy Nunes,13,Homem
Celso A. Weffort-Santos,18,Homem
Nicolás Hidalgo,6,Homem
Welton T. M. Sousa,13,Homem
Júlia Veiga da Silva,8,Mulher
Bruna Oenning Amador,7,Mulher
Simone Cavalheiro,8,Mulher
Marcela Pessoa,0,Mulher
Eduardo Nogueira,10,Homem
Igor Moraes,2,Homem
Roger Machado,12,Homem
Phablo Moura,11,Homem
Lucas F. Muniz,11,Homem
Matheus Guedes,14,Homem
Eduardo Candido Xavier,18,Homem
Guilherme Andrade,2,Homem
Geraldo Braz Junior,13,Homem
Bruno Gadelha,4,Homem
Michelle G. Cacais,17,Mulher
Ana Marilza Pernas,12,Mulher
Maurício Collares,11,Homem
Diórgenes Y. L. da Rosa,12,Homem
Javier Baliosian,6,Homem
Marcos Gonçalves,2,Homem
João Lopes,12,Homem
Jéssica Azevedo,0,Mulher
Juliano Carvalho,12,Homem
Igor M. Coelho,14,Homem
Jamille Silva,14,Mulher
André F. R. Cordeiro,1,Homem
Maurício M. Neto,17,Homem
Fábio Luiz Usberti,11,Homem
Júlia de Avila dos Santos,8,Mulher
Arison Heltami Rodrigues Uchoa,17,Homem
Guilherme Mota,11,Homem
Wanderson Modesto,10,Homem
Emanuel Coutinho,17,Homem
Kalinka R. L. J. C. Branco,0,Mulher
Mateus Parker Porto,16,Homem
Lillia S. B. Silva,13,Mulher
Valdemar V. Graciano Neto,13,Homem
Felipe Viegas,2,Homem
Douglas Siqueira,5,Homem
Victória Guimarães,4,Mulher
Gabriel Cardoso,13,Homem
Matheus Bessa,13,Homem
Julio B. Herculani,1,Homem
Gislaine C. L. Leal,1,Mulher
Hariel Souza,3,Homem
Ana Shirley Ferreira Silva,18,Mulher
Regiane Macuch,7,Mulher
Jailma da silva,15,Mulher
Leandro Camargo,12,Homem
Mauro Roberto Costa da Silva,18,Homem
Daniel Pinto,13,Homem
Flávia Carvalho,13,Mulher
Alexandre Renato Rodrigues de Souza,16,Homem
Lucas Colucci,11,Homem
Fábio Araújo,10,Homem
Rodolfo A. de Oliveira,4,Homem
Lia Martins,4,Mulher
Davi Viana,13,Homem
Renata V. de Figueiredo,15,Mulher
Cassiano Schneider,15,Homem
Aline Amaral,1,Mulher
Luciana Foss,8,Mulher
Elis Hernandes,1,Mulher
Wemerson Parreira,15,Homem
Tercio Sousa,13,Homem
Tomaz Bisneto,5,Homem
Gilmar Moraes,10,Homem
Lara Morgado da Silva Santos,7,Mulher
Jéssica Mendes,13,Mulher
Yulle G. F. Borges,18,Mulher
Leticia Fleig Dal Forno,7,Mulher
Simone R. S. Souza,1,Mulher
Rosiane Freitas,4,Mulher
Arlindo da Conceição,13,Homem
Simone Fogazzi,3,Mulher
Guilherme Bayer Scheneider,16,Homem
Luiz C. Ferreira,2,Homem
Carla N. Lintzmayer,11,Mulher
Verônica Tabim,12,Mulher
Leonardo Moreira,17,Homem
Eduardo Maroñas Monks,16,Homem
Flavio Miyazawa,18,Homem
Patricia Abe Turato,7,Mulher
Fernando P. Barbosa,15,Homem
Allen Ibiapina,18,Homem
Daniel B. F. Conrado,9,Homem
Bruno L. Netto,11,Homem
Tiago Trotta,2,Homem
Francisco A. Silva,13,Homem
Ana Silva,18,Mulher
Vinicius F. Santos,14,Homem
Adenauer C. Yamin,12,Homem
Sheyla Medeiros,15,Mulher
Levi da Silva,17,Homem
Gerson Cavalheiro,12,Homem
Tássio Naia,11,Homem
João Marcos Cavalcanti,0,Homem
Karla Silva,13,Mulher
Douglas Lima,15,Homem
Lucas Silva,15,Homem
Talita Slavov,8,Mulher
Alexandre Cezar,18,Homem
Wagner Braga Bezerra,17,Homem
Luiz Felipe Chaves,2,Homem
Simone André da Costa Cavalheiro,8,Mulher
Vitor Hugo M. Gomes,2,Homem
Vanessa Dantas,15,Mulher
Hanna Alves,17,Mulher
João Vitor B. Tavares,11,Homem
Daniel C. Cunha,13,Homem
Lucas B. Oliveira,10,Homem
Fábio Silva,14,Homem
Rafael C. S. Schoeury,18,Homem
Matheus Secco,11,Homem
Suellen Barros Ramos,0,Mulher
Roseli da R. Barbosa,5,Mulher
Gabriel Costa,13,Homem
Alan Veloso,10,Homem
Roberta Suero,15,Mulher
Mayara Dal Vesco Hoger,7,Mulher
Luiz Hoffmann,11,Homem
Vitor T. F. de Luca,14,Homem
Gabriel Novy,9,Homem
Fernando Leite,13,Homem
Jonatas Nascimento,15,Homem
Marina Braun Otokovieski,3,Mulher
Alice Fonseca Finger,3,Mulher
João Pedro de Souza,11,Homem
Êrica Peters do Carmo,7,Mulher
Amanda Meincke Melo,3,Mulher
Valderi Leithardt,15,Homem
Cristiano Maciel,0,Homem
Lorrana F. de Castro,4,Mulher
Arthur de C. Callado,5,Homem
Erika Rosas,6,Mulher
Ivyna Rayany Santino Alves,15,Mulher
Marco Antoni,15,Homem
Tanilson D. Santos,14,Homem
Paulo Eustáquio D. Pinto,14,Homem
Giancarlo F. Roberto,14,Homem
Ana Carolina da Silveira de Souza,0,Mulher
André Riker,10,Homem
Alexandre Aragão,13,Homem
Ana Lara Casagrande,0,Mulher
Nathasha Pinto,13,Mulher
María Pía Mazzoleni,14,Mulher
Allysson Allex Araújo,17,Homem
Rogério Albandes,12,Homem
João Gustavo Kienen,4,Homem
Maria Fernanda Abalem Franca Nunes,0,Mulher
Claudomiro Sales,12,Homem
Fábio Botler,11,Homem
Cristina Fernandes,11,Mulher
Antônio Abelém,10,Homem
Andréa Sabedra Bordin,0,Mulher
João V. S. Leite,4,Homem
Arthur Passos,13,Homem
Adauto Filho,10,Homem
Waleska Gonçalves de Lima,0,Mulher
Braz Araujo da Silva Junior,8,Homem
Darlan Eziquiel Felisberto da Silva,15,Homem
Nagib Matni,10,Homem
André Barreto,13,Homem
Yulle Borges,18,Mulher
Renata Hax Sander Reiser,16,Mulher
Francisco A. Rocha,13,Homem
Daniel Victor Teixeira Lima,2,Homem
Christiane N. Campos,18,Mulher
Giovanna Pavani,13,Mulher
Paulo Matias,11,Homem
Rafael Pasquini,6,Homem
Stefany Pinheiro,10,Mulher
Paulo A. L. Rego,5,Homem
Karla de Souza e Silva,0,Mulher
Matheus Paixão,17,Homem
Danielo G. Gomes,17,Homem
Rodrigo Dutra,2,Homem
Alexandre Souza,12,Homem
Matheus Diógenes Andrade,11,Homem
Francielli Freitas Moro,0,Mulher
Bruno Santos,10,Homem
Paulo Pinto,14,Homem
Derian Sobral,10,Homem
Yoshiharu Kohayakawa,11,Homem
Bruno Martini,12,Homem
Raquel Bravo,14,Mulher
Gabriel A. G. Sobral,18,Homem
José Wilson C. Pinto,14,Homem
Jean Moraes,10,Homem
Ednara Pereira,13,Mulher
Flavia Bonomo-Braberman,14,Mulher
Wanderson Lomenha,11,Homem
Suelen Laurindo,0,Mulher
Italo Dovera,13,Homem
Moysés S. Sampaio Jr.,14,Homem
Rita C. G. Berardi,7,Mulher
Ricardo B. Almeida,12,Homem
Geam Pfeiff,10,Homem
Juan Gutiérrez,11,Homem
Renata Reiser,8,Mulher
Thiago A. de Queiroz,18,Homem
Rodrigo Real,12,Homem
Francisco Gomes,17,Homem
Allan K. Barros,13,Homem
Raniely dos Anjos,3,Mulher
Antônio Pereira,2,Homem
Vinícius L. de Lima,18,Homem
Ariel Bentes,4,Homem
Letícia Gindri,3,Mulher
Paulo Eugênio,10,Homem
Mauricio Tavares,12,Homem
Rebeca Schroeder,7,Mulher
Maria Silva,10,Mulher
Elen Lobato,10,Mulher
Denis G. Fantinato,11,Homem
Fabiola Guerra Nakamura,4,Mulher
Kalil Ferreira,4,Homem
Mário César San Felice,11,Homem
Martín Gutiérrez,6,Homem
Beatriz Martins,15,Mulher
Karen da Silva Figueiredo,0,Mulher
Felipe Marques,12,Homem
Alex Barradas Filho,13,Homem
Carlos V. G. C. Lima,18,Homem
Valdenir Severino,2,Homem
Paulo R. Coelho,6,Homem
Tanara Lauschner,4,Mulher
Marcos Yukio Siraichi,14,Homem
Luan Lins,13,Homem
João Ladislau Lopes,12,Homem
Phablo F. S. Moura,18,Homem
Renan F. F. da Silva,18,Homem
Italo Santos,1,Homem
Giulio Iacobelli,11,Homem
Alan Rodrigues,17,Homem
Luis Rivero,13,Homem
Francisco da Ponte,10,Homem
Claudson Bornstein,14,Homem
Clause Piana,8,Mulher
Mariana Barros,4,Mulher
Luiza Castilho Ereno,0,Mulher
Matheus Mattos de Almeida Cruz,7,Homem
Mateus F. L. Souza,9,Homem
Mohamad Kassab,13,Homem
Christian Gomes,2,Homem
Vitor Tocci Ferreira de Luca,14,Homem
Andréa S. Bordin,3,Mulher
Evilasio Costa Junior,2,Homem
Vinícius Lima,18,Homem
Felipe Araújo,10,Homem
Francisco de Albuquerque Júnior,2,Homem
Luiz Alencar,0,Homem
Karla Susiane Pereira,4,Mulher
Joaquim Celestino Jr,10,Homem
Bruna Mariana F. de Souza,4,Mulher
Denis Rosário,10,Homem
Aíla Maciel,3,Mulher
Davi Santos,13,Homem
Fernando Magno Quintão Pereira,14,Homem
Nelson Maculan,4,Homem
Rafael Pocai,11,Homem
Sebastião Santos,13,Homem
Bruno Dias,4,Homem
Cláudio Geyer,12,Homem
Javier Marenco,4,Homem
Caroline Collange,14,Mulher
Bruno Monteiro,14,Homem
Adrya Araújo,4,Mulher
Ligia Cristina Battezzati,7,Mulher
Pamella Soares,17,Mulher
Júlio César Resende,2,Homem
Adilson Costa,12,Homem
Gustavo Y. S. Azevedo,13,Homem
Raquel M. Souza,14,Mulher
Leticia Santos Machado,0,Mulher
Pedro H. D. B. Hokama,11,Homem
Eliane Pozzebon,0,Mulher
Isabela Gasparini,7,Mulher
Júlio Araújo,18,Homem
Eunice Pereira dos Santos Nunes,0,Mulher
Simão Martin,8,Homem
Jean Araújo,13,Homem
João Porto de Albuquerque,13,Homem
Vinícius Carvalho Pereira,0,Homem
Guilherme de C. M. Gomes,14,Homem
Olga Goussevskaia,14,Mulher
Renato Balancieri,1,Homem
Matheus J. Ota,18,Homem
Karolayne Teixeira,0,Mulher
Augusto Neto,6,Homem
Ariádna Miranda,17,Mulher
Gabriel Galdino,10,Homem
Brenno Nascimento,13,Homem
Julio Araujo,18,Homem
Anderson Lemos,14,Homem
Fernanda Pires,0,Mulher
Jean Rangel,0,Homem
Anderson Cardoso,12,Homem
Renato Dilli,8,Homem
Thelma E. Colanzi,1,Mulher
Karla Pereira,0,Mulher
Sérgio Anders,4,Homem
Gilson Helfer,12,Homem
Leonardo Costa Reichow,16,Homem
Raquel Folz,4,Mulher
Levy Silva,15,Homem
Nícollas Silva,2,Homem
Jorge Goulart,14,Homem
Gabriela Felipa Souza,3,Mulher
Thaíse Costa,15,Mulher
Clevi Rapkiewicz,3,Mulher
Davi de Andrade,18,Homem
Sabrina Bourscheid Sassi,0,Mulher
José Neuman de Souza,17,Homem
Luis Chahua,11,Homem
Karina Wiechork,15,Mulher
Renan Cunha,12,Homem
Augusto Venâncio Neto,10,Homem
Vinicius Fernandes dos Santos,18,Homem
Alana Araujo,13,Mulher
Jayme L. Szwarcfiter,14,Homem
Weslley L. Caldas,17,Homem
Leo Natan Paschoal,1,Homem
Lívia S. Medeiros,14,Mulher
Gustavo Martins,4,Homem
Christiano Martino Otero Avila,8,Homem
Carmen Vera Scorsatto Brezolin,7,Mulher
Raimundo Neto,13,Homem
Igor Estrela,13,Homem
Jerffeson Souza,17,Homem
Isadora Garcia Ferrão,0,Mulher
Nani Castilho,3,Mulher
Fabiano de Souza Oliveira,14,Homem
Gabriel Paillard,17,Homem
Simone Gama,14,Mulher
Rodrigo Lamblet Mafort,4,Homem
Gabriel G. Silva,13,Homem
Brenner H. O. Rios,18,Homem
Rossana Andrade,2,Mulher
Reginaldo Santos,12,Homem
João Tavares,12,Homem
Jorge Barbosa,12,Homem
Arthur Felipe Herdt Schuelter,7,Homem
Anselmo Paiva,13,Homem
Simara Rocha,13,Mulher
Matheus S. Garofolo,13,Homem
Patrick Fernandes,8,Homem
Julis Figueira de Araújo,4,Homem
Rodrigo Santos,13,Homem
Larissa Pessoa,4,Mulher
Franklin Barcellos,12,Homem
Irandir Amorim,10,Homem
Diego Carvalho,2,Homem
Bernardo Amorim,14,Homem
Simone do Rocio Senger de Souza,1,Mulher
Ubiratan Bezerra,10,Homem
Andréia Antloga,10,Mulher
Matheus T. Mattioli,11,Homem
Josepher Silva,15,Homem
Lana Gomes,15,Mulher
Inaldo Costa,13,Homem
Kenny Domingues,18,Homem
Alexandre Rocha,10,Homem
João B. Bottentuit Junior,13,Homem
Juliana Saraiva,15,Mulher
José Cunha,15,Homem
Saori Costa,17,Mulher
Pedro Amorim,18,Homem
Fábio Protti,4,Homem
Alexandra Zimpeck,12,Mulher
Helder Oliveira,10,Homem
Edson OliveiraJr,1,Homem
Eduardo E. Mosca,13,Homem
Pablo Cecilio,2,Homem
Marcelino S. da Silva,2,Homem
Marcos Salvatierra,4,Homem
Antônio K. B. Fernandes,11,Homem
João Guilherme Martinez,4,Homem
Rita Cristina Galarraga Berardi,7,Mulher
Brendo Cavalcante,4,Homem
Diego Rangel Piranga Costa,18,Homem
Gabriel A. D. Miranda,13,Homem
Fabrizio Franzoia,0,Homem
Lilian Barros,8,Mulher
Leonardo João,12,Homem
Ketrin Diovana Alves Rodrigues Vargas,3,Mulher
Andrea Charão,15,Mulher
Adriana Nogueira,13,Mulher
Ana Barbosa,15,Mulher
Rafaela Oliveira Padilha,0,Mulher
Gil Andrade,15,Homem
Adrisson Rodrigues,0,Homem
Alice F. Finger,3,Mulher
Marlon L. S. Rodrigues,15,Homem
Ana Pernas,12,Mulher
Andre Du Bois,8,Homem
Placida Oliveira,8,Mulher
Silvia Amelia Bim,7,Mulher
Wellington Lemos,15,Homem
Yoshiko Wakabayashi,18,Mulher
Silvia A. Bim,0,Mulher
Flávio E. A. Horita,13,Homem
Yuri Silva de Oliveira,18,Homem
Rodolfo Oliveira,14,Homem
Diego Hoss,15,Homem
Luciana Bolan Frigo,0,Mulher
Heitor Werneck,2,Homem
Hugo M. Vicente,11,Homem
Fabian de Oliveira Lopes,4,Homem
Cristiane N. Targa,9,Mulher
Matheus Lemos,11,Homem
Giovanna Bettin,1,Mulher
Johnny Marques,8,Homem
Igor Dantas,15,Homem
Rodrigo Blanke Lambrecht,16,Homem
Iago Medeiros,10,Homem
Felipe Haertel,12,Homem
Hugo Santos,10,Homem
Ana Solórzano,15,Mulher
Felipe Silva,13,Homem
Ricardo Anchieta,13,Homem
Ana Rita Mazzini,8,Mulher
Eduardo Cerqueira,10,Homem
Bruno Pasqualotto Cavalar,11,Homem
Eduardo Monks,8,Homem
Danilo Vasconcelos,2,Homem
Jose Neto,15,Homem
Ediana da Silva de Souza,7,Mulher
Eduardo Abreu,12,Homem
Rodrigo P. dos Santos,13,Homem
Ronald Souza,11,Homem
Katia Salles,13,Mulher
Leonardo Marques,10,Homem
Isabelly Oliveira,4,Mulher
Rayane Castro,18,Mulher
Arthur Pratti Dadalto,11,Homem
Juan P. A. Lopes,14,Homem
Marcella Medeiros Siqueira C. de Almeida,15,Mulher
Lara Cadar Cunha,9,Mulher
Karen da Silva Figueiredo Medeiros Ribeiro,0,Mulher
Ernesto Trajano,1,Homem
Carlos Vinícius Gomes Costa Lima,18,Homem
Estephane Mendes,13,Mulher
Marcos Bedo,4,Homem
Patrícia Araújo de Oliveira,3,Mulher
Lourival Neto,15,Homem
Mauro R. C. Silva,18,Homem
Lucas Dias,12,Homem
Adenauer Correa Yamin,16,Homem
Julia Luiza da Conceição,4,Mulher
Lívia Salgado Medeiros,14,Mulher
João Bernado,0,Homem
Alexia Bagesteiro Camargo,3,Mulher
Vanilze Vaz,2,Mulher
