Autor,Gênero,Grau (Centralidade),Grau Ponderado (Força)
Abner M. C. Araújo,Homem,0.0005,1
Manuel M. Oliveira Neto,Homem,0.0011,2
Acacia Terra,Mulher,0.0016,3
Braulio Mello,Homem,0.0016,3
Edimar Roque Martello Junior,Homem,0.0016,3
Ricardo Parizotto,Homem,0.0022,4
Adauto Filho,Homem,0.0027,5
Bruno Santos,Homem,0.0027,5
Franciely Souza,Mulher,0.0027,5
Hígor Santos,Homem,0.0027,5
Irandir Amorim,Homem,0.0027,5
Maria Silva,Mulher,0.0027,5
Adenauer Yamin,Homem,0.0098,26
Ana Marilza Pernas,Mulher,0.0033,7
Ana Pernas,Mulher,0.0027,5
Bruno Mota,Homem,0.0022,4
Felipe Haertel,Homem,0.0033,8
Jorge Aranda,Homem,0.0027,5
Jorge Barbosa,Homem,0.0093,19
João Lopes,Homem,0.0044,9
João Tavares,Homem,0.0022,4
Juliano Carvalho,Homem,0.0027,5
Leandro Camargo,Homem,0.0033,8
Lucas Dias,Homem,0.0027,5
Mauricio Tavares,Homem,0.0027,5
Patrick Fernandes,Homem,0.0016,3
Renata Reiser,Mulher,0.0055,10
Renato Dilli,Homem,0.0016,3
Rodrigo Real,Homem,0.0022,4
Roger Machado,Homem,0.0022,6
Rogério Albandes,Homem,0.0022,6
Adiel de Almeida Filho,Homem,0.0011,2
Diogo Lima Silva,Homem,0.0011,2
Julio Cezar Silva,Homem,0.0011,2
Adilson Costa,Homem,0.0022,4
Bruno Martini,Homem,0.0022,4
Gilson Helfer,Homem,0.0022,4
Ronaldo Santos,Homem,0.0022,4
Adriana Paula Zamim Scherer,Mulher,0.0005,1
Filipo Novo Mór,Homem,0.0005,1
Adriane C. A. da Silva,Mulher,0.0005,1
Luciano T. E. Pansanato,Homem,0.0005,1
Adrianne Veras de Almeida,Mulher,0.0011,2
Adrielle Veras de Almeida,Mulher,0.0011,2
Fabíola Pantoja O. Araújo,Mulher,0.006,14
Adriano Braga,Homem,0.0027,6
Alexandre F. Lopes,Homem,0.0022,4
Ianka Assis,Mulher,0.0022,4
Natália C. Louzada,Mulher,0.006,14
Ramayane Braga,Mulher,0.0022,4
Thalia Santana,Mulher,0.0027,6
Adriano F. Borgatto,Homem,0.0016,3
Christiane Gresse von Wangenheim,Mulher,0.0016,3
Gustavo de Castro Salvador,Homem,0.0016,3
Marcelo Fernando Rauber,Homem,0.0016,3
Adriano Fiorese,Homem,0.0005,1
Kauã B. Hopfer,Homem,0.0005,1
Adriano H. Braga,Homem,0.0044,13
Letícia S. Camargo,Mulher,0.0027,5
Maria Alice N. Silva,Mulher,0.0027,5
Maria Isabela S. Nunes,Mulher,0.0027,5
Ramayane B. Braga,Mulher,0.0038,10
Sara L. de Farias,Mulher,0.0027,5
Thalia S. Santana,Mulher,0.0049,14
Adriano Kamimura Suzuki,Homem,0.0005,1
Matheus Henrique Junqueira Saldanha,Homem,0.0011,2
Adriano Yasuda,Homem,0.0033,6
Diego Hoss,Homem,0.0044,9
Gil Andrade,Homem,0.0044,9
Jonatas Nascimento,Homem,0.0033,6
Josepher Silva,Homem,0.0033,6
Levy Silva,Homem,0.0033,6
Roberta Suero,Mulher,0.0033,6
Adrielly C. E. Dias,Mulher,0.0027,5
Daniela C. Terra,Mulher,0.0027,5
Isabella A. D. Melo,Mulher,0.0027,5
Leticia M. M. S. Cheloni,Mulher,0.0027,5
Raylla L. S. Gama,Mulher,0.0027,5
Suelen M. de Paula,Mulher,0.0038,7
Adrisson Rodrigues,Homem,0.0022,4
João Marcos Cavalcanti,Homem,0.0022,4
Marcela Pessoa,Mulher,0.0044,10
Robson Melo,Homem,0.0022,4
Sergio Cleger,Homem,0.0022,4
Adrya Araújo,Mulher,0.0038,14
Bruna Mariana F. de Souza,Mulher,0.0038,14
Fabiola Guerra Nakamura,Mulher,0.0038,14
Jeovana Leão,Mulher,0.0038,14
Julis Figueira de Araújo,Homem,0.0038,14
Kalil Ferreira,Homem,0.0038,14
Mariana Barros,Mulher,0.0038,14
Tanara Lauschner,Mulher,0.0044,15
Adson Esteves,Homem,0.0016,3
Aluizio Filho,Homem,0.0016,3
André Raabe,Homem,0.0016,3
Luiz Noschang,Homem,0.0016,3
Adão Caron Cambraia,Homem,0.0022,4
Lucas Tadeu Hinterholz,Homem,0.0011,2
Márcia Adriana Rosmann,Mulher,0.0011,2
Pietro Matheus Bompet Fontoura Alves,Homem,0.0011,2
Wilk Oliveira,Homem,0.0038,7
Agatha Alves Martins Rodrigues,Mulher,0.0027,5
Ariadna Carreiro de Miranda,Mulher,0.0027,5
Claudia Sousa Barbosa,Mulher,0.0027,5
Lucas Lima Sousa Torres,Homem,0.0027,5
Maria Rodrigues Gomes,Mulher,0.0027,5
Simone de Oliveira Santos,Mulher,0.0027,5
Ageu Pacheco,Homem,0.0033,6
Claudia Motta,Mulher,0.006,11
Daniel Menasch,Homem,0.006,12
Felipe Assis,Homem,0.0055,10
Jefferson Simões,Homem,0.0033,6
João Pinheiro,Homem,0.0055,10
Marcus Amorim,Homem,0.0033,6
Airton Zancanaro,Homem,0.0033,6
Carla Grossl,Mulher,0.0033,6
Déborah Kosak Klagenberg,Mulher,0.0033,6
Kemely Kedny Pezzini,Mulher,0.0033,6
Letícia Hümmelgen,Mulher,0.0033,6
Nágila Cristina Hinckel,Mulher,0.0033,6
Thainá Schroeder Ribeiro,Mulher,0.0033,6
Alan Fernandes,Homem,0.0049,12
Bruna Soares,Mulher,0.0038,7
Bruno Matias,Homem,0.0038,7
Everton Cavalcante,Homem,0.0049,12
Felipe Rocha,Homem,0.0055,13
José Gameleira Neto,Homem,0.0027,5
Luís Felipe Santos,Homem,0.0027,5
Oswaldo de Oliveira,Homem,0.0038,7
Sâmela Ferreira,Mulher,0.0038,7
Thais Batista,Mulher,0.0049,12
Alan Salvany Felinto,Homem,0.0005,1
Rafael Lucien Bahr Arias,Homem,0.0005,1
Alan Xavier,Homem,0.0016,3
Denis Carvalho,Homem,0.0016,3
Fábio Martins,Homem,0.0016,3
Ricardo Pimentel,Homem,0.0016,3
Alana Araujo,Mulher,0.0066,14
Carlos Silva,Homem,0.0038,7
Estephane Mendes,Mulher,0.0038,7
Geraldo Braz Junior,Homem,0.0066,13
Giovanna Pavani,Mulher,0.0038,7
Karla Silva,Mulher,0.0038,7
Katia Salles,Mulher,0.0038,7
Kennedy Nunes,Homem,0.0066,14
Luis Rivero,Homem,0.0224,50
Maikon Costa,Homem,0.0038,7
Nathasha Pinto,Mulher,0.0066,14
Raimundo Neto,Homem,0.0038,7
Simara Rocha,Mulher,0.0066,14
Alane M. de Lima,Mulher,0.0011,2
André L. Vignatti,Homem,0.0016,4
Murilo V. G. da Silva,Homem,0.0027,6
Albert Lopes,Homem,0.0016,4
Carlos Portela,Homem,0.0055,12
Raaby Miranda,Mulher,0.0011,2
Sandra Oliveira,Homem,0.0049,10
Alberto H. F. Laender,Homem,0.0011,2
João M. M. C. Cota,Homem,0.0011,2
Raquel O. Prates,Mulher,0.0022,4
Alberto Raiol,Homem,0.0022,4
Breno Sousa,Homem,0.0022,4
Fábio Bezerra,Homem,0.0022,4
Paulo Cerqueira,Homem,0.0022,4
Rafael Santos,Homem,0.0044,8
Alecsander Dornelles,Homem,0.0005,1
Rafael Parizi,Homem,0.0027,6
Aleffer Rocha,Homem,0.0011,2
Leandro M. Zatesko,Homem,0.0033,6
Sheila M. Almeida,Mulher,0.0011,2
Alesom Zorzi,Homem,0.0011,2
Celina M. H. de Figueiredo,Mulher,0.0022,4
Raphael C. S. Machado,Homem,0.0011,2
Alessandra Cardoso Figueredo,Mulher,0.0011,2
Cibele Da Silva Alves,Mulher,0.0011,2
Wanderson Alexandre da Silva Quinto,Homem,0.0011,2
Alessandra Herranz Gazquez,Mulher,0.0005,1
Regiane da Silva Macuch,Mulher,0.0005,1
Alessandra Martins Coelho,Mulher,0.0038,9
Diego Nunes Noceli,Homem,0.0011,2
Gabriela Cardoso Montes,Mulher,0.0027,5
Ivy Oliveira Magesti,Mulher,0.0027,5
Julie Silva Pereira,Mulher,0.0027,5
Luiza Rosa de Moura,Mulher,0.0033,7
Matheus de Freitas Oliveira Baffa,Homem,0.0016,4
Nurian Maria Amâncio Coelho,Mulher,0.0027,5
Aleteia Araujo,Mulher,0.0005,1
Maristela Holanda,Mulher,0.0109,26
Aleteia P. F. Araujo,Mulher,0.0076,20
Alice Borges,Mulher,0.0027,5
Alice Lima,Mulher,0.0033,6
Ana Júlia L. Briceño,Mulher,0.0049,9
Ana Sofia S. Silvestre,Mulher,0.0049,9
Bianca P. Castro,Mulher,0.0049,9
Carla Cavalcante Koike,Mulher,0.0076,20
Carla D. Castanho,Mulher,0.0049,9
Fernanda de Sousa,Mulher,0.0027,5
Maria Eduarda Santos,Mulher,0.0033,6
Roberta B. Oliveira,Mulher,0.0076,20
Tais A. Oliveira,Mulher,0.0049,9
Thamires P. Silva,Mulher,0.0049,9
Vinicius R. P. Borges,Homem,0.0044,8
Aleteia Patricia Araujo,Mulher,0.0011,2
Thayanna Klysnney Moreira Nunes,Mulher,0.0011,2
Alex B. Vieira,Homem,0.0027,5
Artur Ziviani,Homem,0.0027,5
Breno Machado,Homem,0.0016,3
Edelberto Franco,Homem,0.0011,2
Frederico O. Sales,Homem,0.0011,2
Italo Cunha,Homem,0.0033,6
Alex Barradas Filho,Homem,0.0022,4
Allan K. Barros,Homem,0.0022,4
Davi Viana,Homem,0.0093,20
João B. Bottentuit Junior,Homem,0.0022,4
Alex Calado,Homem,0.0005,1
Ricardo de Souza,Homem,0.0005,1
Alex Gliesch,Homem,0.0005,1
Marcus Ritt,Homem,0.0005,1
Alex Vieira,Homem,0.0022,4
Francisco Airton Silva,Homem,0.0093,25
Glauber Dias Gonçalves,Homem,0.0022,4
Jussara Almeida,Mulher,0.0022,4
Samuel de Oliveira Ribeiro,Homem,0.0022,4
Alexander Decker de Souza,Homem,0.0011,2
Luiz Filipe Menezes Vieira,Homem,0.0011,2
Marcos Augusto Menezes Vieira,Homem,0.0011,2
Alexandra S. Pereira,Mulher,0.0022,4
Antonio A. F. Loureiro,Homem,0.0022,4
Fabrício A. Silva,Homem,0.0033,6
Luiz H. A. Correia,Homem,0.0022,4
Thais R. M. B. Silva,Mulher,0.0022,4
Alexandre Aragão,Homem,0.0038,7
Ariel Teles,Homem,0.0038,7
Arlindo da Conceição,Homem,0.0038,7
Francisco Silva,Homem,0.0038,7
Inaldo Costa,Homem,0.0038,7
Tercio Sousa,Homem,0.0038,7
Alexandre Cezar,Homem,0.0044,8
Ana Shirley Ferreira Silva,Mulher,0.0022,4
Ana Silva,Mulher,0.0038,7
Carlos V. G. C. Lima,Homem,0.0022,4
Carlos Vinícius Gomes Costa Lima,Homem,0.0022,4
Julio Araujo,Homem,0.0022,4
Júlio Araújo,Homem,0.0022,4
Vinicius F. dos Santos,Homem,0.006,11
Vinicius Fernandes dos Santos,Homem,0.0022,4
Alexandre Costa,Homem,0.0011,2
Flávia Delicato,Mulher,0.0011,2
Jose Souza,Homem,0.0011,2
Alexandre P. Züge,Homem,0.0022,4
Carlos R. Beleti Junior,Homem,0.0022,4
Marcelo Valério,Homem,0.0022,4
Maytê G. C. Bezerra,Mulher,0.0022,4
Robertino M. Santiago Junior,Homem,0.0022,4
Alexandre Pereira do Carmo,Homem,0.0038,9
Clebeson Canuto dos Santos,Homem,0.0022,4
Douglas Almonfrey,Homem,0.0027,5
Felippe Mendonça de Queiroz,Homem,0.0038,9
Leonardo de Assis Silva,Homem,0.0022,4
Pedro Vinicius dos Santos Custodio,Homem,0.0027,5
Raquel Frizera Vassallo,Mulher,0.0038,9
Wagner Augusto Aranda Cotta,Homem,0.0027,5
Alexandre Prusch Züge,Homem,0.0016,3
Carlos Roberto Beleti Junior,Homem,0.0066,15
Maytê Gouvêa Coleto Bezerra,Mulher,0.0016,3
Robertino Mendes Santiago Junior,Homem,0.0016,3
Alexandre Ribeiro,Homem,0.0016,3
Guilherme Londe,Homem,0.0016,3
Jorge dos Santos,Homem,0.0016,3
Welverton da Silva,Homem,0.0016,3
Alexandre Rocha,Homem,0.0027,5
Denis Rosário,Homem,0.0126,32
Francisco da Ponte,Homem,0.0027,5
Gabriel Galdino,Homem,0.0027,5
Joaquim Celestino Jr,Homem,0.0027,5
Rafael Gomes,Homem,0.0044,8
Alexandre Rossi Paschoal,Homem,0.0011,2
Bruno Henrique Ribeiro da Fonseca,Homem,0.0011,2
Douglas Silva Domingues,Homem,0.0011,2
Alexandre Scaico,Homem,0.0011,2
José Samuel Assunção Luz,Homem,0.0011,2
Juliana Aragão,Mulher,0.0011,2
Alexandre da Rosa,Homem,0.0016,3
Andreia de Jesus,Mulher,0.0016,3
Gabriel Vaz Igarashi,Homem,0.0016,3
Vinicius Struginski Pereira,Homem,0.0016,3
Alice Barbosa do Couto,Mulher,0.0066,12
Amanda Raynara Quintana Theodoro,Mulher,0.0066,12
Ariadne Nicoly Mori de Paula,Mulher,0.0066,12
Bianca Fernandes Ribas,Mulher,0.0066,12
Clara Scatena da Silva,Mulher,0.0066,12
Claudia Santos Fernandes,Mulher,0.0066,12
Diane Rosa da Silva,Mulher,0.0066,12
Giovanna Mara Paes Franco,Mulher,0.0066,12
Luana Arfux de Castro Nogueira,Mulher,0.0066,12
Marcia Ferreira Cristaldo,Mulher,0.0066,12
Maria Eduarda Alves Barbosa,Mulher,0.0066,12
Marta Luzzi,Mulher,0.0066,12
Nayara Arruda Cunha,Mulher,0.0066,12
Alice F. Finger,Mulher,0.0016,3
Aline Vieira de Mello,Mulher,0.0033,8
Andréa S. Bordin,Mulher,0.0016,3
Letícia Gindri,Mulher,0.0055,12
Alice Fonseca Finger,Mulher,0.0022,5
Amanda Meincke Melo,Mulher,0.0044,9
Andréa Sabedra Bordin,Mulher,0.0022,4
Alice Menezes,Mulher,0.0005,1
Carlos Figueiredo,Homem,0.0016,4
Aline Amaral,Mulher,0.0027,5
André F. R. Cordeiro,Homem,0.0027,5
Edson OliveiraJr,Homem,0.0027,5
João Choma Neto,Homem,0.0038,8
Simone R. S. Souza,Mulher,0.0049,10
Thelma E. Colanzi,Mulher,0.0027,5
Aline Mello,Mulher,0.0033,6
Amanda Melo,Mulher,0.0011,2
Fláva Amim,Mulher,0.0022,4
Isadora Ferrão,Mulher,0.0011,2
Jaqueline Moura,Mulher,0.0022,4
Karina Fernandes,Mulher,0.0022,4
Ketrin Vargas,Mulher,0.0022,4
Aline Paes,Mulher,0.0011,2
Gerson Zaverucha,Homem,0.0011,2
Rodrigo Azevedo Santos,Homem,0.0011,2
Aline Silva De Bona,Mulher,0.0005,1
Natália Bernardo Nunes,Mulher,0.0011,2
Aline Sousa,Mulher,0.0005,1
Natasha Valentim,Mulher,0.0005,1
Aline de S. M. dos Santos,Mulher,0.0011,2
Rozelma Soares de França,Mulher,0.0011,2
Wellington G. Pereira,Homem,0.0011,2
Alirio Santos de Sá,Homem,0.0011,2
Ana Carolina Sokolonski,Mulher,0.0011,2
Raimundo José de Araújo Macêdo,Homem,0.0011,2
Allan Mori,Homem,0.0011,2
Italo Santos,Homem,0.0011,2
Allan Veras,Homem,0.0022,4
Bruno Merlin,Homem,0.0022,4
Heleno Fülber,Homem,0.0022,4
João Ferreira,Homem,0.0022,4
Leonardo Zamprogno,Homem,0.0022,4
Allysson Allex Araújo,Homem,0.0027,7
Ariádna Miranda,Mulher,0.0016,3
Emanuel Coutinho,Homem,0.0049,11
Francisco Gomes,Homem,0.0022,4
Jerffeson Souza,Homem,0.0038,9
Saori Costa,Mulher,0.0022,4
Almir de Oliveira Costa Junior,Homem,0.0005,1
Lucimara Cruz de Souza,Mulher,0.0005,1
Alonso Ali,Homem,0.0005,1
Orlando Lee,Homem,0.0044,11
Aloísio Alkmim de Oliveira Filho,Homem,0.0038,7
Gustavo Bittencourt Machado,Homem,0.0038,7
Izabela Lorena Azevedo,Mulher,0.0038,7
Larissa Kiana Santos Azevedo Martins,Mulher,0.0038,7
Nayana Borges das Mercês,Mulher,0.0038,7
Tayana Nery Franca,Mulher,0.0038,7
Taís Pinheiro Borges Silva,Mulher,0.0038,7
Vanessa Michalsky Barbosa,Mulher,0.0038,7
Altair O. Santin,Homem,0.0005,1
Eduardo K. Viegas,Homem,0.0005,1
Aluizio Haendchen Filho,Homem,0.0016,3
Anita Fernandes,Mulher,0.0016,3
Jonathan Nau,Homem,0.0016,3
Rudimar Luís Scaranto Dazzi,Homem,0.0016,3
Aluizio Rocha,Homem,0.0022,4
Arthur Souza,Homem,0.0022,4
Dannylo Johnathan,Homem,0.0022,4
Mário Melo,Homem,0.0022,4
Rafael Queiroz,Homem,0.0033,6
Amanda Lisboa Pereira,Mulher,0.0005,1
Luis F. Pozas,Homem,0.0005,1
Amanda Maria D. de Oliveira,Mulher,0.0011,2
Flávia Roldan Viana,Mulher,0.0011,2
Gabriel Vieira Barreto,Homem,0.0011,2
Amanda Martins,Mulher,0.0016,3
Ayla Rebouças,Mulher,0.0022,4
Joana Silva,Mulher,0.0016,3
Joyce Santos,Mulher,0.0016,3
Aíla Maciel,Mulher,0.0038,8
Ketrin Diovana Alves Rodrigues Vargas,Mulher,0.0033,6
Marina Braun Otokovieski,Mulher,0.0033,6
Patrícia Araújo de Oliveira,Mulher,0.0038,8
Raniely dos Anjos,Mulher,0.0033,6
Amanda Rodrigues,Mulher,0.0011,2
Juliana Saraiva,Mulher,0.0022,4
Vanessa Dantas,Mulher,0.0049,9
Amanda Saccol,Mulher,0.0022,4
Carla Castanho,Mulher,0.0022,4
Eduardo Silva,Homem,0.0022,4
Eduardo Spies,Homem,0.0022,4
Victor Alves,Homem,0.0022,4
Amanda Vilas Boas Oliveira,Mulher,0.0033,6
Felipe de Melo Santos,Homem,0.0033,6
Guilherme Gonçalves da Silva,Homem,0.0033,6
Lucas Almeida Silva,Homem,0.0033,6
Queilane da Conceição Rocha,Mulher,0.0033,6
Yasmin Solrac Ribeiro dos Santos,Mulher,0.0033,6
Érica Pereira Machado,Mulher,0.0033,6
Amanda de Oliveira Casagrande,Mulher,0.0016,3
Caroline Reis Vieira Santos Rauta,Mulher,0.0016,3
Daniela Sbizera Justo,Mulher,0.0016,3
Rayana Prata Neves,Mulher,0.0016,3
Amaury Antônio de Castro Junior,Homem,0.0011,2
Anderson Corrêa de Lima,Homem,0.0011,2
Luciana Montera Cheung,Mulher,0.0033,6
Ana Alencar,Mulher,0.0022,6
Anna Marques,Mulher,0.0033,8
Karina Branco,Mulher,0.0022,4
Maria Mendes,Mulher,0.0022,4
Valéria Pinheiro,Mulher,0.0022,6
Ana Bacelo,Mulher,0.0011,2
Cristina Nunes,Mulher,0.0011,2
Milene Silveira,Mulher,0.0011,2
Ana Barbosa,Mulher,0.0016,3
Lana Gomes,Mulher,0.0016,3
Ana Carla Kruger Leite,Mulher,0.0022,4
Cibelle Amorim Martins,Mulher,0.0022,4
Clara Marques Bodart,Mulher,0.0044,8
Márcia Gonçalves Oliveira,Mulher,0.0027,5
Soraya Roberta dos Santos Medeiros,Mulher,0.0022,4
Ana Carolina Nesso Guedes,Mulher,0.0044,8
Eliana Almeida,Mulher,0.0055,15
Ester de Lima Pontes Andrade,Mulher,0.0055,15
Kamila Almeida Benevides,Mulher,0.0055,15
Kelly Bianca Araujo Silva,Mulher,0.0055,15
Lilian Giselly Pereira Santos,Mulher,0.0044,8
Luana Júlia Nunes Ferreira,Mulher,0.0055,15
Natália de Assis Sousa,Mulher,0.0055,15
Rebeca de Jesus Brandão,Mulher,0.0082,15
Ana Caroline Fernandes Spengler,Mulher,0.0005,1
Paulo Sérgio Lopes de Souza,Homem,0.0011,2
Ana Cecília M. de Melo,Mulher,0.0005,1
Glaucia M. M. Campos,Mulher,0.0005,1
Ana Flávia C. Moura,Mulher,0.0022,4
Ana Luiza C. Lorens,Mulher,0.0022,4
Bárbara D. Duarte,Mulher,0.0022,4
Juliana Espíndola Botelho,Mulher,0.0022,4
Mirella M. Moro,Mulher,0.0082,15
Ana Inocêncio,Mulher,0.0016,3
Caique Souza,Homem,0.0016,3
Esdras Bispo Jr.,Homem,0.0038,7
Lucas Costa,Homem,0.0016,3
Ana Iza Alencar,Mulher,0.0022,4
Anna Beatriz Marques,Mulher,0.0087,21
Karina Castelo Branco,Mulher,0.0066,13
Maria Victória Fiori,Mulher,0.0022,4
Valéria Maria Pinheiro,Mulher,0.0022,4
Ana Julia Alves,Mulher,0.0005,1
Wesley Folly Volotão de Souza,Homem,0.0005,1
Ana Karolina Maia,Mulher,0.0038,7
Cláudia Linhares Sales,Mulher,0.0033,6
Cláudio Carvalho,Homem,0.0027,5
Jonas Costa,Homem,0.0027,5
Leonardo C. de Abreu,Homem,0.0011,2
Manoel Campêlo,Homem,0.0016,3
Nicolas Nisse,Homem,0.0027,5
Raul Lopes,Homem,0.0027,5
Ana L. C. Bazzan,Mulher,0.0011,2
Bruno C. da Silva,Homem,0.0011,2
Gabriel O. Ramos,Homem,0.0011,2
Ana Lara S. Oliveira,Mulher,0.0033,6
Jacilane de H. Rabelo,Mulher,0.0055,13
Lauana M. C. de Oliveira,Mulher,0.0033,6
Maria Victoria S. Fiori,Mulher,0.0055,13
Marina da S. Rocha,Mulher,0.0055,13
Ana Leite,Mulher,0.0022,4
Gabriel Nascimento,Homem,0.0027,6
Márcia Oliveira,Mulher,0.0044,9
Mônica Silva,Mulher,0.0022,4
Ana Lucia Machado dos Santos,Mulher,0.0022,4
David B. F. Oliveira,Homem,0.0022,4
Elaine H. T. Oliveira,Mulher,0.0022,4
Filipe Dwan Pereira,Homem,0.0022,4
Leandro S. G. Carvalho,Homem,0.0022,4
Ana Luisa D. Almeida,Mulher,0.0038,7
Gabriel C. Carrara,Homem,0.0038,7
Isabele B. Prates,Mulher,0.0038,7
João Gabriel R. Silva,Homem,0.006,11
Letícia C. T. Nascimento,Mulher,0.0038,7
Pedro H. O. Souza,Homem,0.0038,7
Renato C. Cani,Homem,0.0038,7
Thiago R. Almeida,Homem,0.0038,7
Ana Luísa S. Milson,Mulher,0.0049,12
Daniel H. Dalip,Homem,0.0044,8
Indra Matsiendra C. D. Ribeiro,Mulher,0.0044,8
Izabela A. Andrade,Mulher,0.0044,8
Julia M. M. Gonçalves,Mulher,0.0044,8
Luísa M. Laboissiere,Mulher,0.0049,12
Marcella D. Ferreira,Mulher,0.0049,12
Michele A. Brandão,Mulher,0.0049,12
Rodrigo Cardoso,Homem,0.0022,4
Ana Moura,Mulher,0.0011,2
Barbara Duarte,Mulher,0.0011,2
Mirella Moro,Mulher,0.0011,2
Ana P. G. Lopes,Mulher,0.0011,2
Luis F. A. Román,Homem,0.0011,2
Paulo R. L. Gondim,Homem,0.0011,2
Ana Paula Cavadas Rodrigues,Mulher,0.0022,4
Carla Verônica Machado Marques,Mulher,0.0022,4
Carlo Emmanoel Tolla de Oliveira,Homem,0.0022,4
Claudia Lage Rebello da Motta,Mulher,0.0022,4
Raquel Moreira Machado Fernandes,Mulher,0.0022,4
Ana Paula Lüdtke Ferreira,Mulher,0.0005,1
Márcia Maria Lucchese,Mulher,0.0005,1
Ana Paula Marques Barbosa,Mulher,0.0011,2
Diego Jonathan Hoss,Homem,0.0011,2
Gil Eduardo Andrade,Homem,0.0011,2
Ana Paula Vieira Guimarães,Mulher,0.0033,6
André Pinto Moreira,Homem,0.0033,6
Ayslan Trevizan Possebom,Homem,0.0049,12
Carla Santos de Oliveira,Mulher,0.0033,6
Daniela Eloise Flôr,Mulher,0.0049,12
Eduardo Henrique Molina da Cruz,Homem,0.0049,12
Ana Rita Mazzini,Mulher,0.0038,7
Andre Du Bois,Homem,0.0038,7
Clause Piana,Mulher,0.0038,7
Johnny Marques,Homem,0.0049,9
Luciana Foss,Mulher,0.0049,9
Placida Oliveira,Mulher,0.0038,7
Simone Cavalheiro,Mulher,0.0038,7
Ana Santos,Mulher,0.0022,4
Elaine Oliveira,Mulher,0.0016,3
Fabíola G. Nakamura,Mulher,0.0027,5
Leandro Carvalho,Homem,0.0027,5
Ricardo Souza,Homem,0.0005,1
Davi de Andrade,Homem,0.0005,1
Kenny Domingues,Homem,0.0011,2
Yuri Silva de Oliveira,Homem,0.0011,2
Ana Solórzano,Mulher,0.0011,2
Andrea Charão,Mulher,0.0022,5
Cassiano Schneider,Homem,0.0022,5
Anderson Afonso,Homem,0.0022,4
Luciana Chueri,Mulher,0.0022,6
Mariana Pinheiro,Mulher,0.0022,6
Mateus Lambranho Ramos,Homem,0.0022,4
Rodrigo Pereira dos Santos,Homem,0.0044,10
Anderson J. C. Sena,Homem,0.0022,4
Fabricio J. B. Brito,Homem,0.0022,4
Filipe C. Fernandes,Homem,0.0033,6
Ramon C. F. Araújo,Homem,0.0022,4
Rodrigo M. S. Oliveira,Homem,0.0022,4
Anderson Lemos,Homem,0.0011,2
Olga Goussevskaia,Mulher,0.0011,2
Anderson Passos de Aragão,Homem,0.0005,1
João Victor da Costa,Homem,0.0005,1
Anderson Rocha,Homem,0.0011,2
Jacques Wainer,Homem,0.0011,2
Ramon Pires,Homem,0.0011,2
Anderson Viçoso de Araújo,Homem,0.0022,4
Felício Gobbi Hoffmann Santos Pereira,Homem,0.0022,4
Graziela Santos de Araújo,Mulher,0.0022,4
Heitor Batistela Zunta,Homem,0.0022,4
Anderson Y. Iwasaki,Homem,0.0016,3
Elisa Yumi Nakagawa,Mulher,0.0027,5
João Paulo K. S. Nunes,Homem,0.0016,3
Thiago Bianchi,Homem,0.0016,3
Andre Aquino,Homem,0.0049,9
Arthur Melo,Homem,0.0011,2
Cristopher Freitas,Homem,0.0016,3
Givanildo Júnior,Homem,0.0016,3
Hugo Souza,Homem,0.0011,2
Hyuri Maciel,Homem,0.0005,1
Israel Vasconcelos,Homem,0.0005,1
Maurício Silva,Homem,0.0011,2
Osvaldo Rosso,Homem,0.0016,3
Ricardo Oliveira,Homem,0.0011,2
Leandro Schneider,Homem,0.0016,3
Lucas Silva,Homem,0.0044,8
Andrea S. Charão,Mulher,0.0016,3
Fernando P. Barbosa,Homem,0.0016,3
Karina Wiechork,Mulher,0.0027,5
Marlon L. S. Rodrigues,Homem,0.0016,3
Andreia Gentil Bonfante,Mulher,0.0011,2
Claudia Aparecida Martins,Mulher,0.0011,2
Henrique Camacho Farias,Homem,0.0011,2
Andressa da Silva Siqueira,Mulher,0.0016,3
Beatriz Pereira,Mulher,0.0016,3
Laura Damaceno de Almeida,Mulher,0.0016,3
Poliana Nascimento Ferreira,Mulher,0.0016,3
Andreu Carminati,Homem,0.0011,2
Bruno Dourado Miranda,Homem,0.0011,2
Romulo Silva de Oliveira,Homem,0.0022,4
Andreza Sartori,Mulher,0.0016,3
Jennyfer Araújo,Mulher,0.0016,3
Leonardo Fronza,Homem,0.0016,3
Luciana P. de Araújo Kohler,Mulher,0.0016,3
André Barreto,Homem,0.0049,9
Arthur Passos,Homem,0.0033,6
Brenno Nascimento,Homem,0.0033,6
Felipe Oliveira,Homem,0.0016,3
Felipe Silva,Homem,0.0033,6
Gabriel Costa,Homem,0.0066,13
Jean Araújo,Homem,0.0016,3
Luan Lins,Homem,0.0016,3
André Constantino da Silva,Homem,0.0016,3
Carlos Roberto dos Santos Junior,Homem,0.0016,3
Daniela Marques,Mulher,0.0016,3
Gustavo Bartz Guedes,Homem,0.0016,3
André Ferraz,Homem,0.0005,1
Carlos Ferraz,Homem,0.0005,1
André L. L. Aquino,Homem,0.0016,3
Israel L. C. Vasconcelos,Homem,0.0005,1
Marcelo O. Souza,Homem,0.0011,2
Raquel S. Cabral,Mulher,0.0011,2
André L. P. Guedes,Homem,0.0011,2
Renato Carmo,Homem,0.0011,2
Nicollas M. Sdroievski,Homem,0.0011,2
André Lemos,Homem,0.0027,5
Haroldo Amaral,Homem,0.0027,5
Lilian Pereira Teixeira,Mulher,0.0027,5
Marcia Kniphoff da Cruz,Mulher,0.0027,5
Rozelma França,Mulher,0.0027,5
André Luiz Alves,Homem,0.0016,3
Danielly Rayanne M. Lima,Mulher,0.0016,3
Raissa Ohana F. O e Silva,Mulher,0.0016,3
Álvaro Getúlio Medeiros,Homem,0.0016,3
André Luiz de O. Cezário,Homem,0.0038,7
Dayvson Sales,Homem,0.0038,7
Fábio J. Coutinho,Homem,0.0038,7
John Davi D. C. Pires,Homem,0.0038,7
Samuel Lucas V. L. Barbosa,Homem,0.0038,7
Victor Accete,Homem,0.0038,7
Wagner Fontes,Homem,0.0038,7
André Manzano,Homem,0.0033,6
Lohana Santos,Mulher,0.0033,6
Roger Resmini,Homem,0.0033,6
Soraia Prietch,Mulher,0.0033,6
Tamyres Souza,Mulher,0.0033,6
Waine Júnior,Homem,0.0033,6
Ângela Farias,Mulher,0.0033,6
André Oliveira,Homem,0.0016,3
Fernanda Campos,Mulher,0.0016,3
Lucas Bressan,Homem,0.0016,3
Regina Braga,Mulher,0.0016,3
André Pereira,Homem,0.0011,2
Eduardo Souto,Homem,0.0011,2
André Peres,Homem,0.0038,7
Fernanda Nunes Deitos,Mulher,0.0038,7
Fábio Yoshimitsu Okuyama,Homem,0.0038,7
Lilian Stavizki,Mulher,0.0038,7
Marcelo Augusto Rauh Schimitt,Homem,0.0038,7
Marlon Carvalho Mariano,Homem,0.0038,7
Márcia Häfele Islabão Franco,Mulher,0.0038,7
Silvia de Castro Bertagnolli,Mulher,0.0038,7
André Pinheiro,Homem,0.0044,8
Caio Rabello,Homem,0.0022,4
Cleidson Souza,Homem,0.0038,7
Cleidson de Souza,Homem,0.0022,4
Fernando Figueira Filho,Homem,0.0022,4
Gustavo Pinto,Homem,0.0022,4
Leandro de Almeida Melo,Homem,0.0022,4
Leonardo Furtado,Homem,0.0022,4
Nelson Tenório Jr.,Homem,0.0022,4
André R. Ortoncelli,Homem,0.0016,3
Jeferson V. L. Albino,Homem,0.0016,3
Newton C. Will,Homem,0.0016,3
Rafael A. P. de Oliveira,Homem,0.0016,3
André Ribeiro,Homem,0.0022,4
Caroline Patrão,Mulher,0.0022,4
Celina Figueiredo,Mulher,0.0022,4
Diane Castonguay,Mulher,0.0022,4
Luis Kowada,Homem,0.0022,4
André Riker,Homem,0.0011,2
Renato Mota,Homem,0.0011,2
André Silva,Homem,0.0011,2
José Silva,Homem,0.0011,2
Letícia Oliveira,Mulher,0.0011,2
André Soares,Homem,0.0011,2
Brena Santos,Mulher,0.0033,9
Isadora Garcia Ferrão,Mulher,0.0011,2
Kalinka R. L. J. C. Branco,Mulher,0.0011,2
Andréia Antloga,Mulher,0.0033,6
Eduardo Cerqueira,Homem,0.0087,24
Elen Lobato,Mulher,0.0033,6
Jean Moraes,Homem,0.0049,11
Maria Tostes,Mulher,0.0033,6
Ubiratan Bezerra,Homem,0.0033,6
Anelise Lemke Kologeski,Mulher,0.0005,1
Anelise Souza Rocha,Mulher,0.0016,3
Douglas Farias Cordeiro,Homem,0.0016,3
Kátia Kelvis Cassiano,Mulher,0.0016,3
Nubia Rosa da Silva,Mulher,0.0038,7
Angélica F. S. Dias,Mulher,0.0011,2
Beatriz Saburido,Mulher,0.0011,2
Juliana B. S. França,Mulher,0.0011,2
Ariany Almeida Maia,Mulher,0.0038,7
Francisco Luciano Quirino da Silva,Homem,0.0011,2
Gabriel Aires,Homem,0.0005,1
Lauana Maria C. de Oliveira,Mulher,0.0038,8
Maria Elanne M. Rodrigues,Mulher,0.0038,7
Tatiane F. Figueiredo,Mulher,0.0011,2
Victoria Gabriella R. Pereira,Mulher,0.0038,7
Anna Beatriz Rosangela Marques,Mulher,0.0016,3
Maria Victoria Soares Fiori,Mulher,0.0016,3
Marina da Silva Rocha,Mulher,0.0016,3
Anna Helena Reali Costa,Mulher,0.0005,1
Felipe Leno da Silva,Homem,0.0005,1
Maria Fiori,Mulher,0.0011,2
Marina Rocha,Mulher,0.0011,2
Anselmo Paiva,Homem,0.0038,7
Daniel Pinto,Homem,0.0038,7
Eduarda Chagas,Mulher,0.0038,7
Ricardo Anchieta,Homem,0.0038,7
Antonia Raiane Santos Araujo Cruz,Mulher,0.0005,1
Antônio Deivid Santos Costa,Homem,0.0005,1
Antonilson Alcantara,Homem,0.0016,3
Emanuel Rodrigues,Homem,0.0016,3
Filipe Coelho,Homem,0.0016,3
Antonio Brasil,Homem,0.0016,3
Jefferson Andrade,Homem,0.0033,6
Karin Komati,Mulher,0.0038,7
Luiz Pinto,Homem,0.0016,3
Antonio C. Oliveira Jr,Homem,0.0033,6
Daniel S. Souza,Homem,0.0033,6
Diego L. Cardoso,Homem,0.0044,14
Igor W. A. Falcão,Homem,0.0044,14
Marcos C. R. Seruffo,Homem,0.0033,9
Paulo H. A. Pereira,Homem,0.0044,11
Rafael F. Vieira,Homem,0.0044,14
Antonio Carlos Schneider Beck,Homem,0.0011,2
Luigi Carro,Homem,0.0011,2
Marcelo Brandalero,Homem,0.0011,2
Antonio L. Amadeu,Homem,0.0027,5
Eduardo M. Pereira,Homem,0.0027,5
Fernando Vinturin,Homem,0.0027,5
Guilherme A. Zimeo Morais,Homem,0.0027,5
Maickel Hubner,Homem,0.0027,5
Marcelo Santos,Homem,0.0027,5
Antônio Alberti,Homem,0.0044,8
Cristiano A. da Costa,Homem,0.0044,9
Emiliano S. Monteiro,Homem,0.0027,5
Karine Costa,Mulher,0.0016,3
Maria Eloisa Mignoni,Mulher,0.0027,5
Rafael Kunst,Homem,0.0027,5
Rodrigo R. Righi,Homem,0.0044,9
Tibério Rezende,Homem,0.0016,3
Victor D'Ávila,Homem,0.0016,3
Antônio K. B. Fernandes,Homem,0.0016,3
Guilherme O. Mota,Homem,0.0016,3
Hugo M. Vicente,Homem,0.0016,3
Maurício Collares,Homem,0.0016,3
Antônio Mauro B. Oliveira,Homem,0.0027,5
Francisco S. Júnior,Homem,0.0027,5
Henrique V. Oliveira,Homem,0.0027,5
Matheus F. de Oliveira,Homem,0.0027,5
Renato A. C. Freitas,Homem,0.0027,5
Silvio R. Evangelista,Homem,0.0027,5
Antônio Pereira,Homem,0.0027,5
Luiz C. Ferreira,Homem,0.0027,5
Marcelino S. da Silva,Homem,0.0027,5
Rodrigo Dutra,Homem,0.0027,5
Vitor Hugo M. Gomes,Homem,0.0027,5
Weverson Nascimento,Homem,0.0027,5
Antônio Pinto,Homem,0.0033,6
Ednara Pereira,Mulher,0.0033,6
Fernando Leite,Homem,0.0033,6
Gabriel Cardoso,Homem,0.0033,6
Igor Estrela,Homem,0.0033,6
Antônio Rodrigues,Homem,0.0027,5
Artur Veloso,Homem,0.0027,5
Halysson Júnior,Homem,0.0027,5
Joel Rodrigues,Homem,0.0027,5
José Sobral,Homem,0.0027,5
Ricardo Rabêlo,Homem,0.0027,5
Ariadne Costa,Mulher,0.0022,4
Luciana Trento Raineri,Mulher,0.0022,4
Rafael Silva Del Lama,Homem,0.0022,4
Raquel Mariana Candido,Mulher,0.0022,4
Renato Tinos,Homem,0.0022,4
Ariana R. Cursino,Mulher,0.0005,1
Juliana F. P. Martinez,Mulher,0.0005,1
Arilo C. Dias-Neto,Homem,0.0011,2
Daniel Fernandes,Homem,0.0011,2
Kaio Wagner,Homem,0.0011,2
Aron Miranda Henrique-Alves,Homem,0.0022,4
Helton Maia,Homem,0.0033,7
John Victor Alves Luiz,Homem,0.0022,4
Richardson Santiago Teles de Menezes,Homem,0.0033,7
Rossana Moreno Santa Cruz,Mulher,0.0022,4
Arthur Artoni,Homem,0.0005,1
Bruno Oliveira,Homem,0.0005,1
Arthur F. Ramos,Homem,0.0005,1
Ruy J. G. B. de Queiroz,Homem,0.0011,2
Arthur Felipe Herdt Schuelter,Homem,0.0033,6
Ediana da Silva de Souza,Mulher,0.0033,6
Isabela Gasparini,Mulher,0.0044,8
Milene Selbach Silveira,Mulher,0.0038,7
Rebeca Schroeder,Mulher,0.0033,6
Simone Diniz Junqueira Barbosa,Mulher,0.0033,6
Êrica Peters do Carmo,Mulher,0.0033,6
Artur Jordão Lima Correia,Homem,0.0005,1
William Robson Schwartz,Homem,0.0005,1
Felipe Abrahão,Homem,0.0011,2
Klaus Wehmuth,Homem,0.0011,2
Atílio G. Luiz,Homem,0.0011,2
Luisa Frickes,Mulher,0.0011,2
Simone Dantas,Mulher,0.0011,2
Atílio Gomes Luiz,Homem,0.0005,1
Davi Gomes Florencio,Homem,0.0005,1
Audir da Costa Oliveira Filho,Homem,0.0005,1
Christiane Borges Santos,Mulher,0.0005,1
Augusto V. Neto,Homem,0.0044,8
Eduardo Grampín,Homem,0.0044,8
Erika Rosas,Mulher,0.0044,8
Javier Baliosian,Homem,0.0044,8
Martín Gutiérrez,Homem,0.0044,8
Nicolás Hidalgo,Homem,0.0044,8
Paulo R. Coelho,Homem,0.0044,8
Rafael Pasquini,Homem,0.0044,8
Rodrigo S. Miani,Homem,0.0044,8
Augusto Venâncio Neto,Homem,0.0016,3
Denis do Rosário,Homem,0.0016,3
Wanderson Modesto,Homem,0.0016,3
Ayla Dantas,Mulher,0.0011,2
Ivonildo Neto,Homem,0.0011,2
Matheus Oliveira,Homem,0.0011,2
Géssica Alves,Mulher,0.0005,1
César Alberto da Silva,Homem,0.0038,7
Paulo César Gonçalves,Homem,0.0033,6
Rodrigo Hübner,Homem,0.0033,6
Gabriela Felipa Souza,Mulher,0.0011,2
Barbara Freitas,Mulher,0.0011,2
Luciana Cosme,Mulher,0.0011,2
Mayara Nascimento,Mulher,0.0011,2
Barbara Ramos,Mulher,0.0011,2
Leonardo Gargano,Homem,0.0016,4
Marcelo Fornazin,Homem,0.0016,4
Beatriz A. de Miranda,Mulher,0.0016,3
Ivyna R. S. Alves,Mulher,0.0016,3
Lívia M. R. S. Campos,Mulher,0.0016,3
Marcella M. S. C. de Almeida,Mulher,0.0016,3
Beatriz Becker,Mulher,0.0071,13
Camila Laricchia,Mulher,0.0071,13
Denise Siloto,Mulher,0.0071,13
Elisa Rocha,Mulher,0.0071,13
Flávia Villela,Mulher,0.0071,13
Francisco Campos,Homem,0.0071,13
Gabriel SantClair,Homem,0.0082,16
Janaina Gomide,Mulher,0.0093,20
Julia Godinho,Mulher,0.0087,17
Júlia Marotti,Mulher,0.0071,13
Laura Emmanuella de Oliveira,Mulher,0.0071,13
Milena Estanislau,Mulher,0.0071,13
Tabatta Martins,Mulher,0.0071,13
Valeria Nunes Belmonte,Mulher,0.0071,13
Beatriz Chicaroni,Mulher,0.0055,10
Camila Sass,Mulher,0.0055,10
Carla Rodriguez,Mulher,0.0055,10
Denise Goya,Mulher,0.0055,10
Lara Tenore,Mulher,0.0055,10
Lidia Ferreira,Mulher,0.0055,10
Maria Eduarda Brandão,Mulher,0.0055,10
Melissa Lins,Mulher,0.0055,10
Poliana Ferreira,Mulher,0.0055,10
Rafaela V. Rocha,Mulher,0.0055,10
Rosimeire Santana,Mulher,0.0055,10
Benediel Gonçalves,Homem,0.0022,4
Elison Nascimento,Homem,0.0022,4
Enio Monteiro,Homem,0.0022,4
Benhur Tessele,Homem,0.0011,2
Cristian Koliver,Homem,0.0011,2
Benilda Silva,Mulher,0.0022,4
Fabricio Farias,Homem,0.0022,4
Leonardo Gonçalves,Homem,0.0022,4
Bianca M. Lopes,Mulher,0.0022,4
Júlio C. S. Mendes,Homem,0.0022,4
Karina M. Johansson,Mulher,0.0022,4
Livy Real,Mulher,0.0022,4
Márcio T. I. Oshiro,Homem,0.0022,4
Bianca Santana,Mulher,0.0016,4
Camille Jesus,Mulher,0.0011,2
Luis Araújo,Homem,0.0011,2
Roberto Bittencourt,Homem,0.0022,5
Bosco Borges A. F.,Homem,0.0016,3
Maria de Fátima P. Ferreira,Mulher,0.0016,3
Rossana M. C. Andrade,Mulher,0.0016,3
Rubens Anderson de S. Silva,Homem,0.0016,3
Braulio Adriano de Mello,Homem,0.0005,1
Braz Araujo da Silva Junior,Homem,0.0011,2
Simone André da Costa Cavalheiro,Mulher,0.0011,2
Daniel Carvalho,Homem,0.0016,3
Iure Fé,Homem,0.0044,11
Lucas Santos,Homem,0.0022,5
Patricia Takako Endo,Mulher,0.0011,2
Brendo Cavalcante,Homem,0.0027,5
Bruno Gadelha,Homem,0.0033,6
João Gustavo Kienen,Homem,0.0027,5
Julia Luiza da Conceição,Mulher,0.0027,5
Rosiane Freitas,Mulher,0.0109,21
Sérgio Anders,Homem,0.0027,5
Brenner H. O. Rios,Homem,0.0016,3
Eduardo C. Xavier,Homem,0.0016,3
Flávio K. Miyazawa,Homem,0.0027,5
Pedro Amorim,Homem,0.0016,3
Bruna A. da Silva,Mulher,0.0022,4
Cleber Zanchettin,Homem,0.0022,4
David Macedo,Homem,0.0022,4
Paulo F. C. Barbosa,Homem,0.0022,4
Renato M. de Moraes,Homem,0.0027,5
Bruna M. Dalmoro,Mulher,0.0005,1
Soraia R. Musse,Mulher,0.0016,3
Bruna Mariana Souza,Mulher,0.0016,3
Juliana Magalhães,Mulher,0.0016,3
Júlia Luiza Conceição,Mulher,0.0016,3
Bruna Oenning Amador,Mulher,0.0027,5
Lara Morgado da Silva Santos,Mulher,0.0027,5
Mayara Dal Vesco Hoger,Mulher,0.0027,5
Patrícia Abe Turato,Mulher,0.0027,5
Rita Cristina Galarraga Berardi,Mulher,0.0027,5
Silvia Amelia Bim,Mulher,0.0049,9
Bruna Souza,Mulher,0.0016,3
Emmerson Silva,Homem,0.0022,5
Miguel Oliveira,Homem,0.0022,5
Neila Xavier,Mulher,0.0016,3
Bruno A. Bonifácio,Homem,0.0011,2
César França,Homem,0.0011,2
Franciney O. Lima,Homem,0.0011,2
Bruno Albertini,Homem,0.0005,1
Vitor Finotti,Homem,0.0005,1
Bruno Clemente,Homem,0.0011,2
Bruno Coutinho,Homem,0.0011,2
Paulo Sabaini,Homem,0.0011,2
Bruno César Vani,Homem,0.0016,3
César Silva,Homem,0.0016,3
Jessica Viana,Mulher,0.0016,3
Melissa Zanatta,Mulher,0.0016,3
Bruno Duarte,Homem,0.0016,3
Dierli M. da R. Maschio,Homem,0.0016,3
Jean Patric da Costa,Homem,0.0016,3
Marcelo Teixeira,Homem,0.0016,3
Fabian de Oliveira Lopes,Homem,0.0005,1
Bruno Kalel da Silva,Homem,0.0022,4
Fábio José Alves,Homem,0.0022,4
Gabryella Rocha Rodrigues,Mulher,0.0022,4
Leonardo da Silva Moraes,Homem,0.0022,4
Rita Rocha Kasahara,Mulher,0.0022,4
Bruno L. Netto,Homem,0.0005,1
Fábio Botler,Homem,0.0022,4
Bruno Masquio,Homem,0.0011,2
Jayme L. Szwarcfiter,Homem,0.0071,17
Paulo Pinto,Homem,0.0022,4
Bruno Monteiro,Homem,0.0005,1
Bruno N. M. S. Conte,Homem,0.0011,2
Roberto C. L. de Oliveira,Homem,0.0011,2
Thiago N.M. S. Conte,Homem,0.0011,2
Bruno O. Goulart,Homem,0.0022,4
Carolina Xavier,Mulher,0.0022,4
Maria Júlia M. Schettini,Mulher,0.0022,4
Samuel O. Silva,Homem,0.0022,4
Bruno P. Masquio,Homem,0.0022,6
Guilherme de C. M. Gomes,Homem,0.0022,4
Paulo E. D. Pinto,Homem,0.0022,6
Vinicius F. Santos,Homem,0.0022,4
Bruno P. Oliveira,Homem,0.0022,4
Felipe A. Ferreira,Homem,0.0022,4
Hélio Lopes,Homem,0.0022,4
Rodrigo V. Kassick,Homem,0.0022,4
Vinícius Furlan,Homem,0.0022,4
Bruno Pasqualotto Cavalar,Homem,0.0005,1
Yoshiharu Kohayakawa,Homem,0.0016,3
Bruno Pereira,Homem,0.0022,4
Francisco Henrique Ferreira,Homem,0.0022,4
Luiz Alexandre Costa,Homem,0.0022,4
Marcio Imamura,Homem,0.0022,4
Bruno Silvestre,Homem,0.0011,2
Eliseu Germano,Homem,0.0011,2
Sergio Carvalho,Homem,0.0011,2
Bruno Zatt,Homem,0.0016,3
Daniel M. Palomino,Homem,0.0016,3
Marcelo S. Porto,Homem,0.0016,3
Wagner I. Penny,Homem,0.0016,3
Bruno de Carvalho Albertini,Homem,0.0005,1
Vivian Kimie Isuyama,Mulher,0.0005,1
Cabral Lima,Homem,0.0016,3
Leandro P. de Aguiar,Homem,0.0027,6
Caciele Catiussa Ibarro Barbosa Lara,Mulher,0.0011,2
Dariane Abich,Mulher,0.0022,5
Caio Flexa,Homem,0.0011,2
Sergio Viademonte,Homem,0.0011,2
Walisson Gomes,Homem,0.0011,2
Calebe Conceição,Homem,0.0016,3
Carla Aquino,Mulher,0.0016,3
Glederson Santos,Homem,0.0016,3
Pedro Mietliki,Homem,0.0016,3
Camila Gusmão,Mulher,0.0011,2
Karla Figueiredo,Mulher,0.0011,2
Walkir A. T. Brito,Homem,0.0011,2
Carina Machado de Farias,Mulher,0.0011,2
Sarah Barbosa de Deus,Mulher,0.0011,2
Steffany Caroline Carvalho Freire,Mulher,0.0011,2
Carina Oliveira,Mulher,0.0038,8
Daniel Saraiva,Homem,0.0022,4
Edgar Oliveira,Homem,0.0022,4
Erica Gallindo,Mulher,0.0022,4
Helen Ferreira,Mulher,0.0022,4
Mauro Oliveira,Homem,0.0022,4
Reinaldo Braga,Homem,0.0038,8
Silas Pereira,Homem,0.0022,4
Carina T. de Oliveira,Mulher,0.0016,3
Daniel Victor Saraiva,Homem,0.0016,3
Reinaldo B. Braga,Homem,0.0016,3
Silas S. L. Pereira,Homem,0.0016,3
Carla Delgado,Mulher,0.0022,4
Daniel S. Menasché,Homem,0.0022,4
João Ismael Pinheiro,Homem,0.0022,4
Mateus S. Nogueira,Homem,0.0022,4
Carla Ilane Moreira Bezerra,Mulher,0.0027,5
Gustavo Ivens Oliveira Silva,Homem,0.0027,5
José Robertty de Freitas Costa,Homem,0.0027,5
Paulo Miranda e Silva Sousa,Homem,0.0027,5
Victor de Souza Lima,Homem,0.0027,5
Wladimir Araújo Tavares,Homem,0.0027,5
Carla M. D. S. Freitas,Mulher,0.0011,2
Jorge A. Wagner Filho,Homem,0.0011,2
Luciana Nedel,Mulher,0.0011,2
Carla M. Paxiúba,Mulher,0.0027,5
Josivan R. Reis,Homem,0.0027,5
Luiz Henrique C. Nunes,Homem,0.0027,5
Mariana W. B. Nascimento,Mulher,0.0027,5
Márcio J. M. Ponte,Homem,0.0027,5
Roberto P. Nascimento,Homem,0.0027,5
Carla N. Lintzmayer,Mulher,0.0022,4
Cristina Fernandes,Mulher,0.0016,3
Denis G. Fantinato,Homem,0.0011,2
Lucas F. Muniz,Homem,0.0011,2
Mário César San Felice,Homem,0.0027,5
Carla Sanches Nere dos Santos,Mulher,0.0011,2
Igor Muzetti Pereira,Homem,0.0011,2
Vicente José Peixoto de Amorim,Homem,0.0011,2
Carla Verônica Marques,Mulher,0.0011,2
Carlo Oliveira,Homem,0.0011,2
Carlo Kleber da Silva Rodrigues,Homem,0.0005,1
Vladimir Emiliano Moreira Rocha,Homem,0.0005,1
Carlo Rodrigues,Homem,0.0005,1
Vladimir Rocha,Homem,0.0005,1
Carlos A. G. Ferraz,Homem,0.0011,2
David C. P. da Cunha,Homem,0.0011,2
José C. F. M. Júnior,Homem,0.0011,2
Carlos A. Silva,Homem,0.0022,4
Gabriel A. D. Miranda,Homem,0.0022,4
Gustavo Y. S. Azevedo,Homem,0.0022,4
Lillia S. B. Silva,Mulher,0.0022,4
Matheus S. Garofolo,Homem,0.0022,4
Carlos Alberto V. Campos,Homem,0.0016,3
Elton F. de S. Soares,Homem,0.0016,3
Leonardo Teteo,Homem,0.0016,3
Pedro Moura,Homem,0.0016,3
Carlos Brito,Homem,0.0022,4
Guto Leoni,Homem,0.0022,4
Laécio Rodrigues,Homem,0.0044,11
Carlos E. Ferreira,Homem,0.0005,1
Gabriel M. de Azevedo,Homem,0.0005,1
Lahis Almeida,Mulher,0.0011,2
Wilson Neto,Homem,0.0011,3
Carlos Maurício Seródio Figueiredo,Homem,0.0005,1
Luiz Carlos Silva de Araújo Filho,Homem,0.0005,1
Carlos Storck,Homem,0.0022,7
Efrem Lousada,Homem,0.0022,7
Fátima Duarte-Figueiredo,Mulher,0.0022,7
Guilherme Silva,Homem,0.0022,4
Raquel Mini,Mulher,0.0022,7
Carmen Vera Scorsatto Brezolin,Mulher,0.0005,1
Carolina Aguilar,Mulher,0.0011,2
Gisele Marinho,Mulher,0.0011,2
Simone Fagundes,Mulher,0.0011,2
Caroline Aparecida de Paula Silva,Mulher,0.0011,2
Cândida Nunes da Silva,Mulher,0.0027,8
Caroline Collange,Mulher,0.0016,3
Fernando Magno Quintão Pereira,Homem,0.0022,4
Marcos Yukio Siraichi,Homem,0.0016,3
Caroline Sacramento Alves,Mulher,0.0011,2
Débora Abdalla,Mulher,0.0011,2
Juliana Maria Oliveira dos Santos,Mulher,0.0011,2
Caroline Silva,Mulher,0.0011,2
Cândida Silva,Mulher,0.0011,2
Carolinne Roque e Faria,Mulher,0.0005,1
Maurilio Martins Campano Júnior,Homem,0.0005,1
Cecília Lescano Osório,Mulher,0.0005,1
Edna Ayako Hoshino,Mulher,0.0005,1
Celciane Alves Vasconcelos,Mulher,0.0027,5
Edio Roberto Manfio,Homem,0.0027,6
Fabiane Cristina Altino,Mulher,0.0027,5
Fábio Carlos Moreno,Homem,0.0027,6
Marcelo Ozawa de Sousa,Homem,0.0027,5
Maria Renata de Mira Gobbo,Mulher,0.0027,5
Franklin de L. Marquezino,Homem,0.0022,4
Luis A. B. Kowada,Homem,0.0011,2
Celso A. Weffort-Santos,Homem,0.0011,2
Christiane N. Campos,Mulher,0.0011,2
Rafael C. S. Schouery,Homem,0.0022,5
Celso Alberto Saibel Santos,Homem,0.0011,2
Estêvão Bissoli Saleme,Homem,0.0011,2
George Ghinea,Homem,0.0011,2
Cesar A. C. Marcondes,Homem,0.0016,3
Diego F. Pedroso,Homem,0.0016,3
Emerson R. A. Barea,Homem,0.0016,3
Hermes Senger,Homem,0.0016,3
Cesar D. P. Crovato,Homem,0.0022,4
Luis A. Z. Pozenato,Homem,0.0022,4
Vinícius F. Rodrigues,Homem,0.0022,4
Christian Reis Fagundes Gomes,Homem,0.0016,3
Felipe Augusto Resende Viegas,Homem,0.0016,3
Leonardo Chaves Dutra da Rocha,Homem,0.0016,3
Washington Luiz Miranda da Cunha,Homem,0.0016,3
Christiane G. von Wangenheim,Mulher,0.0011,2
Matheus A. Pereira,Homem,0.0011,2
Nathalia da Cruz Alves,Mulher,0.0011,2
Christiane Pereira,Mulher,0.0022,4
Everton Oliveira,Homem,0.0022,4
Henrique Ferreira,Homem,0.0022,4
Joelson Araújo,Homem,0.0022,4
Patricia Moser,Mulher,0.0022,4
Cintia Sonale Rebonatto,Mulher,0.0011,2
Cássio Eckstein,Homem,0.0011,2
Marcelo Trindade Rebonatto,Homem,0.0011,2
Claiton Correa,Homem,0.0038,7
Daila Rita Becker Nunes,Mulher,0.0011,2
Fernando Oliveira,Homem,0.0022,4
Joaquim Assunção,Homem,0.0011,2
Luciéli Tolfo Beque Guerra,Mulher,0.0011,2
Moraes Neto,Homem,0.0016,3
Clara Scheffer Emerich,Mulher,0.0016,3
Matheus Lorenzato Braga,Homem,0.0016,3
Rafael Américo Fuhrich,Homem,0.0016,3
Victor Martins de Sousa,Homem,0.0016,3
Claudia Brandelero Rizzi,Mulher,0.0011,2
Daniel Antonio Karling,Homem,0.0011,2
Rogério Luis Rizzi,Homem,0.0011,2
Paulo Roberto Filho,Homem,0.0016,3
Walkir Brito,Homem,0.0016,3
Zeca Borges,Homem,0.0016,3
Claudio Schepke,Homem,0.0005,1
Natiele Lucca,Mulher,0.0005,1
Claudomiro Sales,Homem,0.0011,2
Reginaldo Santos,Homem,0.0011,2
Renan Cunha,Homem,0.0011,2
Claudson F. Bornstein,Homem,0.0016,3
Tanilson D. Santos,Homem,0.0016,3
Uéverton S. Souza,Homem,0.0016,3
Cleidiane Nunes,Mulher,0.0005,1
Ivaldir Júnior,Homem,0.0005,1
Cleiton M. Marques,Homem,0.0011,2
Cristina Meinhardt,Mulher,0.0011,2
Paulo F. Butzen,Homem,0.0011,2
Cleverson Nahum,Homem,0.0016,3
Lucas Nóvoa,Homem,0.0016,3
Silvia Lins,Mulher,0.0016,3
Virgínia Tavares,Mulher,0.0016,3
Clevi Rapkiewicz,Mulher,0.0011,2
Nani Castilho,Mulher,0.0011,2
Simone Fogazzi,Mulher,0.0011,2
Cleyton Souza,Homem,0.0016,3
Elaine Santos,Mulher,0.0016,3
Tamires Rocha,Mulher,0.0016,3
Vilson Júnior,Homem,0.0016,3
Efraim Rodrigues,Homem,0.0005,1
Cláudio Fernando Fernando Resin Geyer,Homem,0.0005,1
João Luiz Grave Gross,Homem,0.0005,1
Cláudio Geyer,Homem,0.0016,3
Luis Silva,Homem,0.0016,3
Valderi Leithardt,Homem,0.0016,3
Wemerson Parreira,Homem,0.0016,3
Cristiana Bentes,Mulher,0.0011,2
Lúcia Maria de A. Drummond,Mulher,0.0011,2
Pablo Carvalho,Homem,0.0011,2
Cristiane Jorge L. Bonfim,Mulher,0.0011,2
Luisa S. Ferreira,Mulher,0.0011,2
Sylvana Karla S. L. Santos,Mulher,0.0016,3
Cristiano André da Costa,Homem,0.0011,2
Mateus Schmitz da Silveira,Homem,0.0011,2
Rodolfo Stoffel Antunes,Homem,0.0011,2
Cristiano Galafassi,Homem,0.0016,3
Eliseo Reategui,Homem,0.0016,3
Fabiane Galafassi,Mulher,0.0016,3
Rosa Vicari,Mulher,0.0016,3
Cristiano Maciel,Homem,0.0082,20
Fernanda Pires,Mulher,0.006,13
Jean Rangel,Homem,0.0038,7
João Bernado,Homem,0.0038,7
Jéssica Azevedo,Mulher,0.0016,3
Karen Ribeiro,Mulher,0.0016,4
Karen da Silva Figueiredo Medeiros Ribeiro,Mulher,0.0022,5
Karla Pereira,Mulher,0.0038,7
Larissa Pessoa,Mulher,0.0055,11
Leticia Santos Machado,Mulher,0.0022,4
Luciana Bolan Frigo,Mulher,0.0038,9
Sabrina B. Sassi,Mulher,0.0011,4
Silvia Bim,Mulher,0.0049,10
Vinícius Carvalho Pereira,Homem,0.0011,4
Cristiano R. Cervi,Homem,0.0011,2
Daniel M. Kuhn,Homem,0.0011,2
Edimar Mânica,Homem,0.0011,2
Cristina Ciferri,Mulher,0.0011,2
Kalinka Branco,Mulher,0.0011,2
Viviana Noguera,Mulher,0.0011,2
Rafael Pocai,Homem,0.0005,1
Lucas Rigo Yoshimura,Homem,0.0016,3
Maycon Sambinelli,Homem,0.0016,3
Vinícius de Souza Carvalho,Homem,0.0011,2
Robson Brito Santos,Homem,0.0005,1
Daiane M. Pereira,Mulher,0.0005,1
Rodrigo S. Couto,Homem,0.0005,1
Daniel Carlos Guimarães Pedronette,Homem,0.0005,1
Lucas Pascotti Valem,Homem,0.0005,1
Daniel Figueiredo,Homem,0.0011,2
Rafael G. Damasceno,Homem,0.0005,1
Ronald Souza,Homem,0.0005,1
Daniel L. Ferrão,Homem,0.0022,4
Heider Marconi G. Madureira,Homem,0.0022,4
Marcos B. Hervé,Homem,0.0022,4
Murilo P. Pessatti,Homem,0.0022,4
Paulo A. Dal Fabbro,Homem,0.0022,4
Matheus Martins,Homem,0.0016,3
Miguel A. Bicudo,Homem,0.0016,3
Daniel O. Martínez-Rivillas,Homem,0.0005,1
Daniel Ratton Figueiredo,Homem,0.0016,3
Henrique José dos S. Ferreira Júnior ,Homem,0.0005,1
Matheus Guedes de Andrade,Homem,0.0011,2
Daniel Victor Teixeira Lima,Homem,0.0016,3
Francisco de Albuquerque Júnior,Homem,0.0016,3
Marcelino Silva da Silva,Homem,0.0016,3
Vanilze Vaz,Mulher,0.0016,3
Daniel Xavier de Sousa,Homem,0.0005,1
Marcos André Gonçalves,Homem,0.0005,1
Daniel da A. Souza,Homem,0.0027,5
Rita de C. P. Cunha,Mulher,0.0027,5
Daniel de Oliveira,Homem,0.0016,3
Esther Pacitti,Mulher,0.0016,3
Rodrigo A. P. Silva,Homem,0.0016,3
Yuri Frota,Homem,0.0016,3
Daniela de Souza Gomes,Mulher,0.0016,3
Gabriel Philippe Pereira,Homem,0.0016,3
Giovanni Ventorim Comarela,Homem,0.0016,3
Marcos Henrique Fonseca Ribeiro,Homem,0.0016,3
Danielle Martins,Mulher,0.0011,2
Fábio Oliveira,Homem,0.0011,2
Jamille Silva,Mulher,0.0011,2
Danilo Vasconcelos,Homem,0.0011,2
Rossana Andrade,Mulher,0.0027,5
Valdenir Severino,Homem,0.0011,2
Dante A. C. Barone,Homem,0.0016,3
Guilherme W. P. dos Santos,Homem,0.0016,3
Ives C. Passos,Homem,0.0016,3
Leonardo F. B. S. Carvalho,Homem,0.0016,3
Darlan Eziquiel Felisberto da Silva,Homem,0.0011,2
Marco Antoni,Homem,0.0011,2
Davi Santos,Homem,0.0016,3
Jéssica Mendes,Mulher,0.0016,3
Rodrigo Santos,Homem,0.0016,3
Flávia Carvalho,Mulher,0.0016,3
Sebastião Santos,Homem,0.0016,3
David Menotti,Homem,0.0005,1
Rayson Laroca,Homem,0.0005,1
Davy M. S. Gomes,Homem,0.0027,5
Fernanda Castelo Branco Santana,Mulher,0.0027,5
Fernanda Silveira,Mulher,0.0027,5
Igo Amauri S. Luz,Homem,0.0027,5
Luciano T. Silva,Homem,0.0027,5
Rebeca dos Santos,Mulher,0.0027,5
Deivid Eive Silva,Homem,0.0011,2
Marialina Corrêa Sobrinho,Mulher,0.0011,2
Natasha Malveira C. Valentim,Mulher,0.0016,3
Delano Maia,Homem,0.0011,2
Wagner Braga Bezerra,Homem,0.0011,2
Denilson Souza Bélo,Homem,0.0011,2
Edson Midorikawa,Homem,0.0027,5
Liria Sato,Mulher,0.0011,2
Derian Sobral,Homem,0.0022,4
Eduardo Lima,Homem,0.0027,5
Felipe Araújo,Homem,0.0022,4
Fábio Araújo,Homem,0.0022,4
Geam Pfeiff,Homem,0.0022,4
Gilmar Moraes,Homem,0.0016,3
Helder Oliveira,Homem,0.0066,19
Nagib Matni,Homem,0.0027,5
Rafael Lopes,Homem,0.0016,3
Stefany Pinheiro,Mulher,0.0022,4
Derivaldo Machado da Silva,Homem,0.0005,1
Viviane Almeida dos Santos,Mulher,0.0005,1
Deógenes Silva Junior,Homem,0.0005,1
Roberto Pereira,Homem,0.0005,1
Diana Sasaki,Mulher,0.0005,1
Mauro N. Alves Junior,Homem,0.0005,1
Diego Carvalho,Homem,0.0016,3
Leonardo Rocha,Homem,0.0055,11
Nícollas Silva,Homem,0.0022,5
Tiago Trotta,Homem,0.0016,3
Diego P. Rubert,Homem,0.0011,2
Fábio H. V. Martinez,Homem,0.0011,2
Jens Stoye,Homem,0.0011,2
Dilma da Silva,Mulher,0.0016,3
Edison Ishikawa,Homem,0.0016,3
Marcelo Mandelli,Homem,0.0016,3
Dorgival da Silva Pereira Netto,Homem,0.0016,3
Francesco Pagani Galvão,Homem,0.0016,3
Luiz Felipe de Souza Jimenez,Homem,0.0016,3
Renan Augusto Monteiro Duarte,Homem,0.0016,3
Douglas Cordeiro,Homem,0.0022,4
Maicon Lima,Homem,0.0022,4
Melque Henrique Castro,Homem,0.0022,4
Thiago Leite,Homem,0.0022,4
Douglas Lima,Homem,0.0027,5
Igor Dantas,Homem,0.0027,5
Jose Neto,Homem,0.0027,5
Lourival Neto,Homem,0.0027,5
Thaíse Costa,Mulher,0.0049,9
Dyego Carlos Sales de Morais,Homem,0.0016,3
Flávia Mendes de Andrade e Peres,Mulher,0.0016,3
Patrícia Cabral de Azevedo Restelli Tedesco,Mulher,0.0016,3
Taciana Pontual Falcão,Mulher,0.0033,8
Débora Guerra de S. Guinati,Mulher,0.0011,2
Renata Luiza da Costa,Mulher,0.0011,2
Stéfany de Castro Souza,Mulher,0.0011,2
Débora Zumpichiatti,Mulher,0.0033,7
João Victor Moreira,Homem,0.0016,3
Yuri Guedes ,Homem,0.0022,4
Ecivaldo Matos,Homem,0.0022,4
Jean Rosa,Homem,0.0022,4
Luana Carneiro,Mulher,0.0022,4
Marlo Souza,Homem,0.0022,4
Murilo Souza,Homem,0.0022,4
Edleno Silva de Moura,Homem,0.0016,3
Gabriel Jordão,Homem,0.0016,3
Gustavo Barreto Maia,Homem,0.0016,3
Rafael Costa,Homem,0.0016,3
Edson M. da Costa,Homem,0.0022,4
Jailton W. Tavares,Homem,0.0022,4
Patrícia P. Diniz,Mulher,0.0022,4
Renato H. Torres,Homem,0.0022,4
Wallyson O. das Mecês,Homem,0.0022,4
Felipe V. de Almeida,Homem,0.0016,3
Liria M. Sato,Mulher,0.0016,3
Tatiana T. Torres,Mulher,0.0016,3
Edson Neto,Homem,0.0005,1
Julio Furtado,Homem,0.0005,1
Eduardo C. Almeida,Homem,0.0022,4
Erick Takeshi Moraes,Homem,0.0016,3
Larissa Mukuno,Mulher,0.0016,3
Paulo R. L. de Almeida,Homem,0.0005,1
Rafael Mansur Haddad,Homem,0.0016,3
Eduardo Cambruzzi,Homem,0.0005,1
Jessica de S. Santana,Mulher,0.0005,1
Eduardo Cunha de Almeida,Homem,0.0005,1
Eduardo Henrique Monteiro Pena,Homem,0.0005,1
Eduardo E. Mosca,Homem,0.0016,3
Francisco A. Rocha,Homem,0.0016,3
Gabriel G. Silva,Homem,0.0016,3
Rafael L. Gomes,Homem,0.0016,3
Eduardo F. Nakamura,Homem,0.0011,2
João Reis,Homem,0.0011,2
Eduardo Ferreira Baroni,Homem,0.0005,1
Gabriel Medina Braga,Homem,0.0005,1
Eduardo Figueiredo,Homem,0.0011,2
Maurício Souza,Homem,0.0011,2
Renata Moreira,Mulher,0.0011,2
Eduardo H. Teixeira,Homem,0.0016,3
Joel J. P. C. Rodrigues,Homem,0.0044,9
Samuel B. Mafra,Homem,0.0022,5
Werner A. A. N. da Silveira,Homem,0.0016,3
Eduardo Oliveira,Homem,0.0005,1
Eduardo P. M. Câmara Júnior,Homem,0.0011,2
Luiz F. M. Vieira,Homem,0.0011,2
Marcos A. M. Vieira,Homem,0.0011,2
Edvar Afonso L. Filho,Homem,0.0005,1
Miguel Elias M. Campista,Homem,0.0016,3
Elaine S. França,Mulher,0.0011,2
Oto B. Assunção,Homem,0.0011,2
Letícia Medeiros,Mulher,0.0038,7
Sunny Kelma Oliveira Miranda,Mulher,0.0038,7
Eliane Pozzebon,Mulher,0.0016,3
Francielli Freitas Moro,Mulher,0.0016,5
Rafaela Oliveira Padilha,Mulher,0.0016,5
Elis Hernandes,Mulher,0.0016,3
Leo Natan Paschoal,Homem,0.0016,3
Valdemar Neto,Homem,0.0011,2
Wallace Manzano,Homem,0.0011,2
Elisandra Silva,Mulher,0.0011,2
Thais Sousa,Mulher,0.0011,2
Elisângela Dias,Mulher,0.0005,1
Talita Ferreira,Mulher,0.0005,1
Elloá Guedes,Mulher,0.0022,4
Giovana Lucca,Mulher,0.0022,4
Juliany Raiol,Mulher,0.0022,4
Nicoli Araújo,Mulher,0.0022,4
Rafaela Sousa,Mulher,0.0022,4
Elmo de Faria,Homem,0.0027,5
Eunice Nunes,Mulher,0.0027,5
Fernando Magalhães,Homem,0.0027,5
Jonas Boechat,Homem,0.0027,5
Luciana Borges,Mulher,0.0027,5
Otávio Dantas,Homem,0.0027,5
Eloi Favero,Homem,0.0005,1
João Santos,Homem,0.0005,1
Elverton Fazzion,Homem,0.0011,2
Osvaldo Fonseca ,Homem,0.0011,2
Welton Augusto Rodrigues Santos,Homem,0.0011,2
Leonardo Moreira,Homem,0.0011,2
Maurício Neto,Homem,0.0011,2
Emanuel Felipe Duarte,Homem,0.0011,2
Josiane Rosa de Oliveira Gaia Pimenta,Mulher,0.0011,2
Maria Cecilia Calani Baranauskas,Mulher,0.0016,3
Emanuel Oliveira da Silva,Homem,0.0005,1
Emmerson S. Rita,Homem,0.0016,3
Jucimar B. Souza,Homem,0.0016,3
Marcelo C. Machado,Homem,0.0016,3
Pedro Pequeno,Homem,0.0016,3
Marcia Martins,Mulher,0.0011,2
Enio Pimenta,Homem,0.0016,3
Leonardo Medeiros,Homem,0.0016,3
Marcos Costa,Homem,0.0016,3
Taígo Pedrosa,Homem,0.0016,3
Erick Hostin,Homem,0.0027,5
Ivo Riegel,Homem,0.0027,5
Jefferson Chaves,Homem,0.0027,5
Jeliel Braz,Homem,0.0027,5
Marcio Piffer,Homem,0.0027,5
Yuri Salvador,Homem,0.0027,5
Erick T. A. Silva,Homem,0.0016,3
Melise M. V. Paula,Mulher,0.0016,3
Rafael M. D.,Homem,0.0016,3
Vanessa C. O. Souza,Mulher,0.0016,3
Erickson R. Nascimento,Homem,0.0022,4
João P. M. Ferreira,Homem,0.0011,2
Mario F. M. Campos,Homem,0.0011,2
Michel M. Silva,Homem,0.0011,2
Renato Martins,Homem,0.0011,2
Erlandson F. Saraiva,Homem,0.0011,2
Guilherme G. Souza,Homem,0.0011,2
Ricardo R. Santos,Homem,0.0011,2
Ermeson Andrade,Homem,0.0033,7
Ewerton Queiroz,Homem,0.0022,4
Gabriel Alves,Homem,0.0016,3
Gustavo Callou,Homem,0.0022,4
Júlio Mendonça,Homem,0.0033,7
Valdir Carvalho,Homem,0.0022,4
Wilson Medeiros,Homem,0.0016,3
Ernane Martins,Homem,0.0005,2
Luís Gouveia,Homem,0.0005,2
Franciny Barreto,Mulher,0.0011,2
Liliane S. S. Fonseca,Mulher,0.0011,2
Rafael Andrade,Homem,0.0011,2
Simone C. Santos,Mulher,0.0011,2
Esther Luna Colombini,Mulher,0.0005,1
Rafael Anicet Zanini,Homem,0.0005,1
Evilasio Costa Junior,Homem,0.0016,3
Ewerton Andrade,Homem,0.0005,1
Matheus Dias Vieira,Homem,0.0005,1
Fabiano L. de Sousa,Homem,0.0011,2
Leonardo B. da Luz,Homem,0.0011,2
Ronan A. J. Chagas,Homem,0.0011,2
Fabiano Oliveira,Homem,0.0033,8
Flavia Bonomo,Mulher,0.0016,3
Flavia Bonomo-Braberman,Mulher,0.0016,3
Jorge Goulart,Homem,0.0011,2
Moysés Sampaio Jr,Homem,0.0022,6
Fabiano de Souza Oliveira,Homem,0.0016,4
Jayme Luiz Szwarcfiter,Homem,0.0016,4
Lívia Salgado Medeiros,Mulher,0.0011,2
Vitor Tocci Ferreira de Luca,Homem,0.0011,2
Fabio Augusto Faria,Homem,0.0005,1
Matheus Macedo Leonardo,Homem,0.0005,1
Fabricio Mendoza-Granada,Homem,0.0005,1
Marcos Villagra,Homem,0.0005,1
Fabrizio Franzoia,Homem,0.0011,2
Leonardo Júnio A. dos Santos Figueiredo,Homem,0.0011,2
Thais R. M. Braga Silva,Mulher,0.0011,2
Fabrício Benevenuto,Homem,0.0005,1
Julio C. S. Reis,Homem,0.0005,1
Fabrício Pinto,Homem,0.0011,3
Paulo Silva,Homem,0.0011,3
Fabrício Silva,Homem,0.0022,4
Leonardo Santos,Homem,0.0022,4
Mateus Silva,Homem,0.0022,4
Raissa Souza,Mulher,0.0022,4
Thais Silva,Mulher,0.0022,4
Geisiane S. Matos,Mulher,0.0027,6
Geisiane de Souza Matos,Mulher,0.0022,4
Josivaldo S. Araújo,Homem,0.0022,4
Maria Roselene A. Lima,Mulher,0.0016,3
Rebeca Hilda Furtado Costa,Mulher,0.0011,2
Sandy Hiorrana L. Farias,Mulher,0.0022,4
Sara M. Silva,Mulher,0.0033,7
Sara das Mercês Silva,Mulher,0.0022,5
Tatiane A. Nascimento,Mulher,0.0016,3
Felipe A. L. Soares,Homem,0.0016,3
Henrique C. Freitas,Homem,0.0016,3
Humberto T. Marques-Neto,Homem,0.0016,3
Tiago B. Silveira,Homem,0.0016,3
Pedro Paulo Balbi,Homem,0.0005,1
Karolayne Teixeira,Mulher,0.0011,2
Luiz Alencar,Homem,0.0011,2
Fernanda S. H. de Souza,Mulher,0.0011,2
Geraldo R. Mateus,Homem,0.0011,2
Samuel M. A. Araújo,Homem,0.0011,2
Fernando A. Teixeira,Homem,0.0011,2
Marconi de Arruda Pereira,Homem,0.0011,2
Sérgio de Oliveira,Homem,0.0011,2
Gleison Souza Diniz Mendonça,Homem,0.0005,1
Fernando Matos,Homem,0.0005,1
Robertson Lima,Homem,0.0005,1
Heberth Reinstein,Homem,0.0011,2
Mateus Delatorre,Homem,0.0011,2
Filipe Arantes Fernandes,Homem,0.0016,3
Loham Santos da Silva,Homem,0.0016,3
Otacílio José Pereira,Homem,0.0016,3
Rossini Pena Abrantes,Homem,0.0016,3
Loham da Silva,Homem,0.0011,2
Otacílio Pereira,Homem,0.0011,2
Flavio Miyazawa,Homem,0.0016,3
Thiago de Queiroz,Homem,0.0016,3
Vinícius Lima,Homem,0.0016,3
Yulle Borges,Mulher,0.0016,3
Flávio Coutinho,Homem,0.0022,4
Glívia Barbosa,Mulher,0.0033,6
Ismael Silva,Homem,0.0022,4
Laura Ribeiro,Mulher,0.0022,4
Natália Santos,Mulher,0.0022,4
Matheus J. Ota,Homem,0.0011,2
Phablo F. S. Moura,Homem,0.0011,2
Flávio R. C. Souza,Homem,0.0011,2
Nídia G. S. Campos,Mulher,0.0011,2
Sayonara S. Araújo,Mulher,0.0011,2
Flávio Rocha,Homem,0.0022,4
Hudson Lopes,Homem,0.0011,2
Maykon Renan Pereira da Silva,Homem,0.0005,1
Ricardo Bruno de Oliveira,Homem,0.0011,2
Évelynn Rosa,Mulher,0.0005,1
Flávio de Almeida Andrade Lico,Homem,0.0011,2
Gilberto Pereira da Silva,Homem,0.0011,2
Marco Antonio Augusto de Andrade,Homem,0.0011,2
Igor Gonçalves,Homem,0.0022,4
Matheus Torquato,Homem,0.0016,3
Patrícia Endo,Mulher,0.0022,4
Paulo Henrique Rocha,Homem,0.0005,1
Francisco Nivando Bezerra,Homem,0.0011,2
Savio Lopes Rabelo,Homem,0.0011,2
Tamara Arruda Pereira,Mulher,0.0011,2
Francisco de Assis Boldt,Homem,0.0016,3
Jefferson Oliveira Andrade,Homem,0.0016,3
Karin Satie Komati,Mulher,0.0016,3
Leandro Rodrigues Ramos,Homem,0.0016,3
Lucas Colucci,Homem,0.0011,2
Luiz Hoffmann,Homem,0.0005,1
Fábio Luiz Usberti,Homem,0.0005,1
Matheus Diógenes Andrade,Homem,0.0005,1
Fábio Protti,Homem,0.0011,2
Lorrana F. de Castro,Mulher,0.0011,2
Rodolfo A. de Oliveira,Homem,0.0022,4
Fábio Rodrigues de la Rocha,Homem,0.0005,1
Michelle Wangham,Mulher,0.0005,1
Vania Marquiori,Mulher,0.0011,2
Gabriela Aguiar,Mulher,0.0005,1
Lailson Menezes,Homem,0.0005,1
Geber Lisboa Ramalho,Homem,0.0011,4
Rodrigo Pessoa Medeiros,Homem,0.0011,4
Geovane F. Piccinin,Homem,0.0005,1
Geovanna Evelyn Taype Espinoza,Mulher,0.0005,1
Gilberto Müller,Homem,0.0005,1
Michelle Martins,Mulher,0.0005,1
Gilvaneide Francisca Gomes,Mulher,0.0005,1
Ricardo André Cavalcante de Souza,Homem,0.0005,1
Giorgia O. Mattos,Mulher,0.0033,6
Josilene A. Moreira,Mulher,0.0033,6
Laura L. A. O. Campos,Mulher,0.0033,6
Luyza E. D. Nascimento,Mulher,0.0033,6
Maria L. M. Calixto,Mulher,0.0033,6
Tiago E. S. Araujo,Homem,0.0033,6
Vanessa G. L. Pessoa,Mulher,0.0033,6
Glauber Ferreira Cintra,Homem,0.0011,2
Luis Filipe de Lima Sales,Homem,0.0011,2
Raimundo Azevedo Neto,Homem,0.0011,2
Glácio S. Araújo,Homem,0.0022,4
Mário W. L. Moreira,Homem,0.0022,4
Rhayane S. Monteiro,Mulher,0.0022,4
Victor Hugo C. de Albuquerque,Homem,0.0022,4
Gláucia Braga e Silva,Mulher,0.0016,4
Maria Dalila Vieira,Mulher,0.0011,2
Maria Theresa Arruda Henriques,Mulher,0.0011,2
Thais Regina de M. B. Silva,Mulher,0.0016,4
Kecia Ferreira,Mulher,0.0011,2
Silvia Albuquerque,Mulher,0.0011,2
Greice P. Dal Molin,Mulher,0.0011,2
Nina N. Zahn,Mulher,0.0011,2
Guilherme G. Arcencio,Homem,0.0016,3
Matheus T. Mattioli,Homem,0.0016,3
Pedro H. D. B. Hokama,Homem,0.0016,3
Gulherme Andrade,Homem,0.0005,1
Gustavo Henrique da Silva Alexandre,Homem,0.0005,1
Jesiel Viana da Silva,Homem,0.0005,1
Gustavo M. D. Vieira,Homem,0.0005,1
William B. Mingardi,Homem,0.0005,1
Hanna Alves,Mulher,0.0011,2
Levi da Silva,Homem,0.0011,2
Helio Pedrini,Homem,0.0005,1
Marcos Roberto e Souza,Homem,0.0005,1
Heloneida Coelho,Mulher,0.0005,1
Olavo Brito Neto,Homem,0.0005,1
Mateus Eloi da Silva Bastos,Homem,0.0016,3
Vitor Yeso Fidelis Freitas,Homem,0.0016,3
Henrique Hepp,Homem,0.0011,2
Heremita Lima,Mulher,0.0022,4
Laís Lima,Mulher,0.0022,4
Márcio Júnior,Homem,0.0022,4
Nicoly Almeida,Mulher,0.0022,4
Petrus Bento,Homem,0.0022,4
Herik S. Lorenção,Homem,0.0005,1
Rafael V. M. Santos,Homem,0.0005,1
Herleson Paiva Pontes,Homem,0.0005,1
Juliana Pereira Cabral,Mulher,0.0005,1
Heyder Vágner Ramos,Homem,0.0016,3
Marize Lyra Silva Passos,Mulher,0.0016,3
Rodolfo dos Reis Fontes Novais,Homem,0.0016,3
Hiran Ferreira,Homem,0.0011,2
Tiago Cherchiglia,Homem,0.0011,2
Vinícius Alves Silva,Homem,0.0011,2
Hugo Kuribayashi,Homem,0.0027,9
Isaac Barros,Homem,0.0027,9
João Barbosa,Homem,0.0027,5
João Carmona,Homem,0.0027,9
Warley Junior,Homem,0.0027,9
Wendel Serra,Homem,0.0027,9
Hugo Rosado,Homem,0.0005,1
Marcelo Benedito,Homem,0.0005,1
Hugo Sadok,Homem,0.0011,2
Luis Henrique M. K. Costa,Homem,0.0011,2
Ialy C. Sousa,Mulher,0.0027,5
Iana Daya C. F. Passos,Mulher,0.0027,5
Jerry A. Souza,Homem,0.0027,5
Lílian H. Teixeira,Mulher,0.0027,5
Mary Karlla A. Guimarães,Mulher,0.0027,5
Moacy P. Silva,Homem,0.0027,5
Igor C. Sodré,Homem,0.0011,2
Pedro B. Pio,Homem,0.0011,2
Igor Moraes,Homem,0.0011,2
Júlio César Resende,Homem,0.0011,2
Igor Santos,Homem,0.0011,2
Luís Orleans,Homem,0.0011,2
Natália Silva,Mulher,0.0011,2
Ildenê F. S. Mota,Mulher,0.0011,2
Kamilla Taiwhscki B. Silva,Mulher,0.0011,2
Viviane A. Santos,Mulher,0.0011,2
Inácio G. Medeiros,Homem,0.0005,1
Soraya R. S. Medeiros,Mulher,0.0005,1
Isa Neves,Mulher,0.0005,1
Laila Pereira Mota,Mulher,0.0005,1
Suzany Angeli,Mulher,0.0011,2
Sílvia Amélia Bim,Mulher,0.0033,8
Ismael Araújo Ramos,Homem,0.0005,1
Márcio André Baima Amora,Homem,0.0005,1
Ivaldir de Farias Junior,Homem,0.0011,2
Jeferson Vieira,Homem,0.0011,2
Valéria Silva,Mulher,0.0011,2
Ivan Machado,Homem,0.0005,1
Joselito Mota Júnior,Homem,0.0005,1
Ivyna Rayany Santino Alves,Mulher,0.0016,3
Luciana Gomes,Mulher,0.0016,3
Marcella Medeiros Siqueira C. de Almeida,Mulher,0.0016,3
Jailma da silva,Mulher,0.0022,4
Renata Figueiredo,Mulher,0.0022,4
Sheyla Medeiros,Mulher,0.0022,4
Javier Guillot Jiménez,Homem,0.0011,2
Luiz André P. Paes Leme,Homem,0.0011,2
Marco A. Casanova,Homem,0.0011,2
Jonathan R. da Silva,Homem,0.0016,3
Karin S. Komati,Mulher,0.0016,3
Leandro C. Resendo,Homem,0.0016,3
Vitor A.C. Figueiredo,Homem,0.0011,2
Lilian Barros,Mulher,0.0011,2
Talita Slavov,Mulher,0.0011,2
Joilson Oliveira Telles,Homem,0.0022,4
Lara Mello do Nascimento,Mulher,0.0022,4
Leonardo Renner Koppe,Homem,0.0022,4
Naira Kaieski,Mulher,0.0022,4
William Augusto Pez,Homem,0.0022,4
Jonice Oliveira,Mulher,0.0005,1
Luiz Paulo Carvalho,Homem,0.0005,1
Rodrigo Bavaresco,Homem,0.0005,1
Josely Cubero,Mulher,0.0033,6
Julia Passos,Mulher,0.0033,6
Karina Huh,Mulher,0.0033,6
Lais Cavalheiro,Mulher,0.0033,6
Marcelo M. Eler,Homem,0.0033,6
Sarajane M. Peres,Mulher,0.0033,6
Yasmin Gonçalves,Mulher,0.0033,6
Josiane Porto,Mulher,0.0005,1
Tiago Lima,Homem,0.0005,1
Josinaldo Pontes,Homem,0.0011,2
José Adson Cunha,Homem,0.0011,2
Mirelly da Silva,Mulher,0.0011,2
Joslaine Cristina J. de Freitas,Mulher,0.0011,2
Marcos Wagner de Souza Ribeiro,Homem,0.0011,2
Tamara Cristina Ferreira,Mulher,0.0011,2
José Augusto Fabri,Homem,0.0011,2
Marco Aurélio Graciotto Silva,Homem,0.0011,2
Yuri Rafael Grajefe Feitosa,Homem,0.0011,2
José Cunha,Homem,0.0011,2
Wellington Lemos,Homem,0.0011,2
José Henrique R. Cruz,Homem,0.0005,1
Maurício Arimoto,Homem,0.0005,1
José Quaresma,Homem,0.0011,2
Marianne Eliasquevici,Mulher,0.0016,3
João Neto,Homem,0.0005,1
Robson Bonidia,Homem,0.0005,1
João Paulo de S. Rodrigues,Homem,0.0016,3
Kleverton Robson da Silva Cordovil,Homem,0.0016,3
Orlando Shigueo Ohashi Junior,Homem,0.0027,6
Renato Hidaka Torres,Homem,0.0027,6
João Ricardo dos S. Rosa,Homem,0.0005,1
João V. S. Leite,Homem,0.0011,2
Marcos Bedo,Homem,0.0011,2
Juan Colonna,Homem,0.0011,2
Marco Cristo,Homem,0.0011,2
Nabson Silva,Homem,0.0011,2
Juliana Freire,Mulher,0.0011,2
Laís M. A. Rocha,Mulher,0.0011,2
Juliana Freitag Borin,Mulher,0.0011,2
Leonardo Alves de Melo,Homem,0.0011,2
Luis Fernando Gomez Gonzalez,Homem,0.0011,2
Juliano F. Kazienko,Homem,0.0011,2
Silvio E. Quincozes,Homem,0.0011,2
Vagner E. Quincozes,Homem,0.0011,2
Jéssica Gabrieli Schmitz Hahn,Mulher,0.0022,4
Leandro von Borstel Assmann,Homem,0.0022,4
Renata Luiza Muller,Mulher,0.0022,4
Vanessa Petró,Mulher,0.0022,4
Vinicius Hartmann Ferreira,Homem,0.0022,4
Jônatas Wehrmann,Homem,0.0005,1
Rodrigo C. Barros,Homem,0.0005,1
Kadidja Valéria R. Oliveira,Mulher,0.0005,1
Kelly Gazolli,Mulher,0.0011,2
Rosana Jesus,Mulher,0.0011,2
Sérgio Nery Simões,Homem,0.0011,2
Wander Fernandes Junior,Homem,0.0011,2
Larissa F. S. Britto,Mulher,0.0011,4
Luciano D. S. Pacífico,Homem,0.0011,4
Teresa B. Ludermir,Mulher,0.0011,4
Larissa M. R. Alves,Mulher,0.0011,2
Samara Martins Nascimento,Mulher,0.0011,2
Veronica M. L. Silva,Mulher,0.0011,2
Larissa M. da F. Galeno,Mulher,0.0016,3
Maria Eduarda H. Lucena,Mulher,0.0016,3
Maria Luiza M. Campos,Mulher,0.0016,3
Tainá da S. Lima,Mulher,0.0016,3
Lia Martins,Mulher,0.0022,4
Raquel Folz,Mulher,0.0022,4
Victória Guimarães,Mulher,0.0022,4
Laura Shibukawa,Mulher,0.0005,1
Mayara Yamanoe,Mulher,0.0005,1
Laura Sánchez García,Mulher,0.0011,2
Ludmilla Fernandes Oliveira Galvão,Mulher,0.0011,2
Tanya Amara Felipe,Mulher,0.0011,2
Leandro de C. Santos,Homem,0.0011,2
Samira S. da Silva,Mulher,0.0011,2
Sincler P. de Meireles,Homem,0.0011,2
Lucas Couto,Homem,0.0011,2
Luiz Felipe Chaves,Homem,0.0011,2
Libério Silva,Homem,0.0005,1
Sanderson Gonzaga de Oliveira,Homem,0.0005,1
Ligia Cristina Battezzati,Mulher,0.0022,4
Mateus Santos,Homem,0.0022,4
Matheus Mattos de Almeida Cruz,Homem,0.0022,4
Rita C. G. Berardi,Mulher,0.0022,6
Lucas Moreira e Silva Alves,Homem,0.0022,4
Marcos Henrique Alves da Silva,Homem,0.0022,4
Rostand Edson Oliveira Costa,Homem,0.0022,4
Samuel de Moura Moreira,Homem,0.0022,4
Tiago Maritan Ugulino de Araújo,Homem,0.0022,4
Lucas Ribeiro,Homem,0.0005,1
Windson Viana,Homem,0.0005,1
Luciana S. Buriol,Mulher,0.0005,1
Toni I. Wickert,Homem,0.0005,1
Luiz C. V. dos Santos,Homem,0.0005,1
Marleson Graf,Homem,0.0005,1
Luiza S. Pontello,Mulher,0.0005,1
Mário W. Pereira,Homem,0.0005,1
Luís Barbosa,Homem,0.0005,1
Roberta Fagundes,Mulher,0.0005,1
Pedro Jorge de Abreu Figueredo,Homem,0.0005,1
Manoel Horta Ribeiro,Homem,0.0011,2
Virgílio A. F. Almeida,Homem,0.0011,2
Wagner Meira Jr,Homem,0.0011,2
Manuel Iori,Homem,0.0005,1
Vítor Gomes Chagas,Homem,0.0005,1
Marcos H. Backes,Homem,0.0005,1
Marcelo E. Vendramin,Homem,0.0005,1
Álvaro J. P. Franco,Homem,0.0005,1
Marcelo S. Loutfi,Homem,0.0011,2
Nathielly de S. Campos,Mulher,0.0011,2
Reinaldo V. Alvares,Homem,0.0011,2
Marcos Diniz,Homem,0.0005,1
Maria Andréia Formico Rodrigues,Mulher,0.0005,1
Ygor Rebouças Serpa,Homem,0.0005,1
Maria Dayane Almeida Araújo,Mulher,0.0005,1
Rhyan Ximenes de Brito,Homem,0.0005,1
Maria Luíza López Cruz,Mulher,0.0005,1
Raquel Souza Francisco Bravo,Mulher,0.0005,1
Maria do Socorro Vieira Barreto,Mulher,0.0011,2
Thales Francisco Mota Carvalho,Homem,0.0011,2
Vívian Ludimila Aguiar Santos,Mulher,0.0011,2
Marjory Abreu,Mulher,0.0005,1
Monica Pereira,Mulher,0.0005,1
Mateus Coelho Silva,Homem,0.0016,3
Ricardo Augusto Rabelo Oliveira,Homem,0.0016,3
Saul Delabrida,Homem,0.0016,3
Sérvio Pontes Ribeiro,Homem,0.0016,3
Matheus Guedes,Homem,0.0005,1
Matheus da Silva Serpa,Homem,0.0005,1
Philippe Olivier Alexandre Navaux,Homem,0.0005,1
Mauro F. Santos Junior,Homem,0.0005,1
Sergiana Alves da Silva,Mulher,0.0005,1
Max Filipe da Costa Braga,Homem,0.0016,3
Wilson Rogério Soares e Silva,Homem,0.0016,3
Vânia Silvares Marquiori,Mulher,0.0005,1
Márcio A. Miranda,Homem,0.0011,2
Simone S. Sidnei,Mulher,0.0011,2
Renan F. F. da Silva,Homem,0.0011,2
Yulle G. F. Borges,Mulher,0.0011,3
Renata Viegas de Figueiredo,Mulher,0.0005,1
Renato Eubank de Almeida,Homem,0.0005,1
Rodrigo Gabriel Galeano da Silva,Homem,0.0005,1
Renato F. Bulcão-Neto,Homem,0.0005,1
Vandenberg B. da Paixão,Homem,0.0005,1
Roberta L. Gomes,Mulher,0.0011,2
Sérgio A. A. de Freitas,Homem,0.0011,2
Vinícius F. S. Mota,Homem,0.0011,2
Romulo Oliveira,Homem,0.0005,1
Vitor Ponciano,Homem,0.0005,1
Ronney Moreira Castro,Homem,0.0005,2
Tadeu Moreira de Classe,Homem,0.0005,2
Simone Gama,Mulher,0.0011,2
Ueverton Souza,Homem,0.0011,2
