Autor_Canonico,Sigla
Felipe Leno da Silva,CTD
Anna Helena Reali Costa,CTD
Diego P. Rubert,CTD
Jens Stoye,CTD
Fábio H. V. Martinez,CTD
Estêvão Bissoli Saleme,CTD
Celso Alberto Saibel Santos,CTD
George Ghinea,CTD
Marcelo Brandalero,CTD
Luigi Carro,CTD
Antonio Carlos Schneider Beck,CTD
Michel M. Silva,CTD
Mario F. M. Campos,CTD
Erickson R. Nascimento,CTD
Toni I. Wickert,CTD
Luciana S. Buriol,CTD
Abner M. C. Araújo,CTD
Manuel M. Oliveira,CTD
Marcos H. Backes,CTD
Manuel M. Oliveira,CTD
Marcos Yukio Siraichi,CTD
Fernando Magno Quintão Pereira,CTD
Vinicius F. dos Santos,CTD
Caroline Collange,CTD
Ygor Rebouças Serpa,CTD
Maria Andréia Formico Rodrigues,CTD
Lucas Pascotti Valem,CTD
Daniel Carlos Guimarães Pedronette,CTD
Rodrigo Azevedo Santos,CTD
Aline Paes,CTD
Gerson Zaverucha,CTD
Rayson Laroca,CTD
David Menotti,CTD
Manoel Horta Ribeiro,CTD
Virgílio A. F. Almeida,CTD
Wagner Meira Jr,CTD
Alesom Zorzi,CTD
Celina M. H. de Figueiredo,CTD
Raphael C. S. Machado,CTD
Laís M. A. Rocha,CTD
Mirella M. Moro,CTD
Juliana Freire,CTD
Gabriel O. Ramos,CTD
Ana L. C. Bazzan,CTD
Bruna A. da Silva,CTD
Thiago Gouveia da Silva,CTD
Ramon Pires,CTD
Anderson Rocha,CTD
Jacques Wainer,CTD
Eduardo K. Viegas,CTD
Altair O. Santin,CTD
Daniel Xavier de Sousa,CTD
Marcos André Gonçalves,CTD
Leandro M. Zatesko,CTD
Renato Carmo,CTD
André L. P. Guedes,CTD
Hugo Sadok,CTD
Miguel Elias M. Campista,CTD
Luis Henrique M. K. Costa,CTD
Samuel M. A. Araújo,CTD
Geraldo R. Mateus,CTD
Fernanda S. H. de Souza,CTD
Nicollas M. Sdroievski,CTD
Murilo V. G. da Silva,CTD
André L. Vignatti,CTD
Zanoni Dias,CTD
Marcos Roberto e Souza,CTD
Helio Pedrini,CTD
Anderson Lemos,CTD
Vinicius F. dos Santos,CTD
Olga Goussevskaia,CTD
Bruno Henrique Ribeiro da Fonseca,CTD
Douglas Silva Domingues,CTD
Alexandre Rossi Paschoal,CTD
Jorge A. Wagner Filho,CTD
Carla M. D. S. Freitas,CTD
Luciana Nedel,CTD
Alex Gliesch,CTD
Marcus Ritt,CTD
Celso A. Weffort-Santos,CTD
Christiane N. Campos,CTD
Rafael C. S. Schoeury,CTD
Erick Gomez-Nieto,CTD
Luis Gustavo Nonato,CTD
Jhonny Mertz,CTD
Ingrid Nunes,CTD
Yvens R. Serpa,CTD
Mária Andréia F. Rodrigues,CTD
Rodolfo W. L. Coutinho,CTD
Luiz Vieira,CTD
Antonio A. F. Loureiro,CTD
Flávio E. A. Horita,CTD
João Porto de Albuquerque,CTD
André S. Gonzaga,CTD
Robson L. F. Cordeiro,CTD
Raphael R. Campos,CTD
Marcos André Gonçalves,CTD
Marcelo Caggiani Luizelli,CTD
Luciana Salete Buriol,CTD
Luciano Paschoal Gaspary,CTD
Juan P. A. Lopes,CTD
Fabiano Oliveira,CTD
Paulo E. D. Pinto,CTD
Bruno Marques Cremonezi,CTD
Alex Borges Vieira,CTD
Michele Nogueira Lima,CTD
Diego P. P. Mesquita,CTD
João P. P. Gomes,CTD
Diego F. Silva,CTD
Gustavo E. A. P. A. Batista,CTD
Phablo F. S. Moura,CTD
Yoshiko Wakabayashi,CTD
Jean Luca Bez,CTD
Philippe O. A. Navaux,CTD
Felipe A. Louza,CTD
Guilherme P. Telles,CTD
Simon Gog,CTD
Alexsander Andrade de Melo,CTD
Uéverton dos Santos Souza,CTD
Paulo Henrique Pisani,CTD
André C. P. L. F. de Carvalho,CTD
Aline Saettler,CTD
Eduardo S. Laber,CTD
Fábio Botler,CTD
Yoshiko Wakabayashi,CTD
Ewerton Andrade,CTD
Marcos A. Simplicio Junior,CTD
Caio Augusto R. dos Santos,CTD
Rivalino Matias Jr.,CTD
Bruno Brandoli Machado,CTD
Jose Fernando Rodrigues Junior,CTD
Alexandre Fontinele,CTD
André Soares,CTD
Paulo L. J. Drews-Jr,CTD
Erickson R. Nascimento,CTD
Mario F. M. Campos,CTD
João Gabriel Reis,CTD
Eduardo Augusto Bezerra,CTD
Antônio Augusto Fröhlich,CTD
Eduardo H. M. Cruz,CTD
Philippe O. A. Navaux,CTD
Arilo Claudio Dias-Neto,CTD
Murillo G. Carneiro,CTD
André G. Pereira,CTD
Luciana S. Buriol,CTD
Marcus Ritt,CTD
Vinícius dos Santos Livramento,CTD
José Luís A. Güntzel,CTD
Daniel Moreira,CTD
Anderson Rocha,CTD
Allan M. de Souza,CTD
Leandro A. Villas,CTD
Glauber de Bona,CTD
Luís P. F. Garcia,CTD
Ana C. Lorena,CTD
André C. P. L. F. de Carvalho,CTD
Eduardo S. L. Gastal,CTD
Manuel M. Oliveira,CTD
Alba Cristina M. A. de Melo,CTD
Fabrício A. Silva,CTD
Antonio A. F. Loureiro,CTD
Paulo Joia,CTD
Luis Gustavo Nonato,CTD
Gracieli Posser,CTD
Ricardo Reis,CTD
Gustavo Rodrigues Galvão,CTD
Zanoni Dias,CTD
Eduardo Chinelate Costa,CTD
Alex Borges Vieira,CTD
Ana Paula Couto da Silva,CTD
Willian N. Oizumi,CTD
Alessandro F. Garcia,CTD
Cássio E. dos Santos Jr.,CTD
William Robson Schwartz,CTD
Rodrigo A. C. da Silva,CTD
Nelson L. S. da Fonseca,CTD
Hector N. B. Pinheiro,CTD
George D. da C. Cavalcanti,CTD
Thyago Tenório,CTD
Danilo Carastan dos Santos,CTD
Luiz Carlos da Silva Rozante,CTD
Alan Filipe Santana,CTD
Marcos André Gonçalves,CTD
Alberto Oliveira,CTD
Anderson Rocha,CTD
Carlos A. Astudillo,CTD
Nelson L. S. da Fonseca,CTD
Juliana Freitag Borin,CTD
Tiago Cherchiglia,ENCompIF
Vinícius Alves Silva,ENCompIF
Giana Ferreira,ENCompIF
Daila Rita Becker Nunes,ENCompIF
Luciéli Tolfo Beque Guerra,ENCompIF
Claiton Correa,ENCompIF
Ana Julia Alves,ENCompIF
Wesley Folly Volotão de Souza,ENCompIF
Jessica Viana,ENCompIF
César D. Silva,ENCompIF
Melissa Zanatta,ENCompIF
Bruno César Vani,ENCompIF
Fábio Henrique Oliveira,ENCompIF
Natália Bernardo Nunes,ENCompIF
Anelise Lemke Kologeski,ENCompIF
Danielly Rayanne M. Lima,ENCompIF
Raissa Ohana F. O e Silva,ENCompIF
Álvaro Getúlio Medeiros,ENCompIF
André Luiz Alves,ENCompIF
Heloneida Coelho,ENCompIF
Olavo Brito Neto,ENCompIF
Wander Fernandes Junior,ENCompIF
Karin Komati,ENCompIF
Kelly Gazolli,ENCompIF
Matheus Dias Vieira,ENCompIF
Ewerton Andrade,ENCompIF
Samuel O. Silva,ENCompIF
Bruno O. Goulart,ENCompIF
Maria Júlia M. Schettini,ENCompIF
Carolina Xavier,ENCompIF
João Gabriel Silva,ENCompIF
Paulo Sabaini,ENCompIF
Bruno Clemente,ENCompIF
Bruno Coutinho,ENCompIF
Dariane Abich,ENCompIF
Caciele Catiussa Ibarro Barbosa Lara,ENCompIF
Rafael Parizi,ENCompIF
Rosana Jesus,ENCompIF
Karin Komati,ENCompIF
Sérgio Nery Simões,ENCompIF
Moraes Neto,ENCompIF
Dariane Abich,ENCompIF
Claiton Correa,ENCompIF
Rafael Parizi,ENCompIF
Joaquim Assunção,ENCompIF
Fernando Oliveira,ENCompIF
Claiton Correa,ENCompIF
Filipe C. Fernandes,ENCompIF
Otacílio Pereira,ENCompIF
Loham da Silva,ENCompIF
Wallyson O. das Mecês,ENCompIF
Edson M. da Costa,ENCompIF
Jailton W. Tavares,ENCompIF
Patrícia P. Diniz,ENCompIF
Renato H. Torres,ENCompIF
Ana Paula Marques Barbosa,ENCompIF
Eduardo Andrade,ENCompIF
Diego Jonathan Hoss,ENCompIF
Joilson Oliveira Telles,ENCompIF
Lara Mello do Nascimento,ENCompIF
William Augusto Pez,ENCompIF
Naira Kaieski,ENCompIF
Leonardo Renner Koppe,ENCompIF
Marcos Costa,ENCompIF
Taígo Pedrosa,ENCompIF
Enio Pimenta,ENCompIF
Leonardo Medeiros,ENCompIF
Miguel Oliveira,ENCompIF
Marcia Martins,ENCompIF
Emmerson Silva,ENCompIF
Nicoly Almeida,ENCompIF
Heremita Lima,ENCompIF
Laís Lima,ENCompIF
Márcio Júnior,ENCompIF
Petrus Bento,ENCompIF
Bruna Souza,ENCompIF
Neila Xavier,ENCompIF
Emmerson Silva,ENCompIF
Miguel Oliveira,ENCompIF
Pedro Mietliki,ENCompIF
Calebe Conceição,ENCompIF
Glederson Santos,ENCompIF
Carla Aquino,ENCompIF
Pedro Pequeno,ENCompIF
Emmerson S. Rita,ENCompIF
Jucimar B. Souza,ENCompIF
Marcelo C. Machado,ENCompIF
Renato Eubank de Almeida,ENCompIF
Rodrigo Gabriel Galeano da Silva,ENCompIF
Clara Scheffer Emerich,ENCompIF
Rafael Américo Fuhrich,ENCompIF
Matheus Lorenzato Braga,ENCompIF
Victor Martins de Sousa,ENCompIF
Gabryella Rocha Rodrigues,ENCompIF
Rita Rocha Kasahara,ENCompIF
Bruno Kalel da Silva,ENCompIF
Leonardo da Silva Moraes,ENCompIF
Fábio José Alves,ENCompIF
Heyder Vágner Ramos,ENCompIF
Márcia Oliveira,ENCompIF
Marize Lyra Silva Passos,ENCompIF
Rodolfo dos Reis Fontes Novais,ENCompIF
Alan Xavier,ENCompIF
Fábio Martins,ENCompIF
Ricardo Pimentel,ENCompIF
Denis Carvalho,ENCompIF
Alecsander Dornelles,ENCompIF
Rafael Parizi,ENCompIF
Jefferson Chaves,ENCompIF
Yuri Salvador,ENCompIF
Jeliel Braz,ENCompIF
Marcio Piffer,ENCompIF
Erick Hostin,ENCompIF
Ivo Riegel,ENCompIF
Cesar da Costa,ENCompIF
Leonardo S. Silva,ENCompIF
Luciano Cabral,ENCompIF
Manoel Neto,ENCompIF
Henrique Nunes,ENCompIF
Israel Junior,ENCompIF
Marlysson Oliveira,ENCompIF
Amanda C. Pereira,ENCompIF
Matheus E. Franco,ENCompIF
Francisco Alan de O. Santos,ENCompIF
Pedro A. Fontes Neto,ENCompIF
Alexandre B. dos Santos,ENCompIF
Marcos Vinícius Batista,ENCompIF
Yuri dos Reis,ENCompIF
Tharles de S. Andrade,ENCompIF
Renata Luiza da Costa,ENCompIF
Gustavo José da Silva,ENCompIF
Ramon Gustavo Teodoro Marques da Silva,ENCompIF
Ricardo Vasconcellos de Carvalho Remédio,ENCompIF
Michel Luís Rohr,ENCompIF
Jefferson de Oliveira Chaves,ENCompIF
Leandro Marcos Salgado Alves,ENCompIF
Fábio de Jesus Lima Gomes,ENCompIF
Francisco Marcos da Silva Rocha,ENCompIF
Kelren da Silva Rodrigues,ENCompIF
Emily M. Amorim,ENCompIF
Nirlene P. da Costa,ENCompIF
Mariana Marques Ferreira,ENCompIF
Emmilly Raianny Bezerra Ferreira,ENCompIF
Maria Laysa Meneses da Silva,ENCompIF
Marcos Nascimento Júnior,ENCompIF
Maurício Rabello Silva,ENCompIF
Lívia Silva Marques,ENCompIF
Matheus da Silva Coelho,ENCompIF
Larissa Sorato Magnus,ENCompIF
Luhan da Silva Nunes,ENCompIF
Victor Martins de Sousa,ENCompIF
Matheus Lorenzato Braga,ENCompIF
Amanda dos S. Bernardo,ENCompIF
Kadja Alleska S. de Lima,ENCompIF
Edmilson Barbalho C. Neto,ENCompIF
Alba Sandyra B. Lopes,ENCompIF
Lucas de Freitas Kauer,ENCompIF
Rodrigo Remor Oliveira,ENCompIF
Raquel Salcedo Gomes,ENCompIF
Thales V. Maciel,ENCompIF
Vinícius do N. Lampert,ENCompIF
Denizar S. Souza,ENCompIF
Rodrigo A. C. da Silva,ENCompIF
Lucas Mudo de Araújo,ENCompIF
Pedro Henrique Campagna Moura da Silva,ENCompIF
Luiz Fernando Delboni Lomba,ENCompIF
Wesley Eiji Sanches Kanashiro,ENCompIF
Anderson Daniel Stochero,ENCompIF
Samuel Müller Forrati,ENCompIF
André G. Pereira,ENCompIF
Cristiane da Silva Stamberg,ENCompIF
Airon dos Santos,ENCompIF
Fábio Gomes,ENCompIF
Alexandre Morais,ENCompIF
Carlos Lima,ENCompIF
Helder Rangel,ENCompIF
Heremita Lima,ENCompIF
Nadja Rodrigues,ENCompIF
Samyra Almeida,ENCompIF
Tiago Barbosa,ENCompIF
Marcelo Cunha,ENCompIF
Leila Buarque,ENCompIF
Alisson Neves,ENCompIF
Bruno Silva,ENCompIF
Jadir Arnaldo Júnior,ENCompIF
Ubirajara Lima Júnior,ENCompIF
Mônica Vicente,ENCompIF
Pedro Lourenço,ENCompIF
Lucas Leal,ENCompIF
Estela Diaz,ENCompIF
Carla Silva,ENCompIF
Marcelo de Almeida,ENCompIF
Paula de Freitas,ENCompIF
Juan Barros,ENCompIF
Gustavo Ribeiro,ENCompIF
Myllena da Silva,ENCompIF
Rerisson Matos,ENCompIF
Melissa Alcantud,ENCompIF
César D. Silva,ENCompIF
Andrea Jubileu,ENCompIF
Cleyton Gomes,ENCompIF
Gustavo Moreira,ENCompIF
Gabriel Souza,ENCompIF
Lúcio Zebendo,ENCompIF
Vinícius Vieira,ENCompIF
Anderson Souza,ENCompIF
Rafael Escalfoni,ENCompIF
Rafael Ferreira,ENCompIF
Irlon Lamblet,ENCompIF
Carolina Aguilar,ENCompIF
Luis Silva,ENCompIF
Rafael Escalfoni,ENCompIF
Kaio da Silva,ENCompIF
Luis Sampaio,ENCompIF
Lucas Mudo de Araújo,ENCompIF
Silvio de Freitas,ENCompIF
Marcel L. Rios,ENCompIF
Anderson Stochero,ENCompIF
Bruna Kopplin,ENCompIF
Cristiane Stamberg,ENCompIF
André G. Pereira,ENCompIF
Marcos Nunes,ENCompIF
Francisco Almeida,ENCompIF
Tarcísio Marques,ENCompIF
Otho da Silva Neto,ENCompIF
Daniel Diniz,ENCompIF
Leonardo Vieira,ENCompIF
Emmerson Silva,ENCompIF
Jucimar B. Souza,ENCompIF
Alessandro do Amaral,ENCompIF
Denis Lima,ENCompIF
Sávio Cantero,ENCompIF
Guilherme Esmeraldo,ENCompIF
Edson Lisboa,ENCompIF
Giovana Santos,ENCompIF
Alexandre Orozco,ENCompIF
Alysson Hubner,ENCompIF
Ricardo dos Santos,ENCompIF
Gian Flores,ENCompIF
Ângelo Crestani,ENCompIF
Rudieri Bauer,ENCompIF
Jaline Mombach,ENCompIF
Vinicius Hartmann Ferreira,ENCompIF
Vanessa Petró,ENCompIF
Luis Guilherme Eich,ENCompIF
Murillo Weissheimer,ENCompIF
Fernando Zanutto,ENCompIF
Alecsander Hennig,ENCompIF
Cleon X. Pereira Júnior,ENCompIF
Zara Hoffmann,ENCompIF
Caroline P. Castro,ENCompIF
Geovanna S. Santos,ENCompIF
Thaís A. Aires,ENCompIF
Ana Elisa Ferreira Schmidt,ENCompIF
Mozara Dias Koehler,ENCompIF
Cleber Fernando Serafin,ENCompIF
Felipe José Rezende de Carvalho,ENCompIF
Marcos Fernando Schmitt,ENCompIF
João Vitor Zarth,ENCompIF
Ana Elisa Ferreira Schmidt,ENCompIF
Mozara Dias Koehler,ENCompIF
Igor Q. Silva,ENCompIF
Bruno S. Mascarenhas,ENCompIF
Saionara S. Araújo,ENCompIF
Daniela G. S. Freitas,ENCompIF
Pablo F. Matos,ENCompIF
Vinicius Hartmann Ferreira,ENCompIF
Luis Guilherme Eich,ENCompIF
Fabiano P. Bhering,ENCompIF
Hugo B. Alves,ENCompIF
Marina N. Silva,ENCompIF
Vinicius F. S. B. Grilo,ENCompIF
Vinicius S. dos S. Silva,ENCompIF
Luis Otávio A. Nascimento,ENCompIF
André C. da Silva,ENCompIF
Paulo Henrique R. de Souza,ENCompIF
Welerson Augusto L. de Jesus Melo,ENCompIF
Icaro Meneses F. de Santana,ENCompIF
Nara Strappa F. Doria,ENCompIF
Leila Buarque C. de Matos,ENCompIF
Rodrigo Sforni Mota,ENCompIF
Pablo Diego Silva da Silva,ENCompIF
Clézio Silva de Souza,ENCompIF
Raphael de Aquino Gomes,ENCompIF
Miguel Airton Frantz,ENCompIF
Angelo Augusto Frozza,ENCompIF
Reginaldo Rubens da Silva,ENCompIF
Jenifer Melissa de Paula,ENCompIF
José Valter Amaral de Freitas,ENCompIF
Thatiane de Oliveira Rosa,ENCompIF
André Alves dos Reis,ENCompIF
Bruno César Vani,ENCompIF
Kleber Manrique Trevisani,ENCompIF
Alexandre Amaral,ENCompIF
Ana Paula Malheiro,ENCompIF
Antônio Raphael Brito Meireles,ENCompIF
Ingrid dos Santos Vilas Verde,ENCompIF
Maria Teresinha Tamanini Andrade,ENCompIF
Luciano Soares de Souza,ENCompIF
Bruno Masquio,ETC
Paulo E. D. Pinto,ETC
Jayme L. Szwarcfiter,ETC
Flavia Bonomo-Braberman,ETC
Fabiano Oliveira,ETC
Moysés S. Sampaio Jr.,ETC
Jayme L. Szwarcfiter,ETC
João V. S. Leite,ETC
Marcos Bedo,ETC
Rodolfo A. de Oliveira,ETC
Fábio Botler,ETC
Luiz Hoffmann,ETC
Efraim Rodrigues,ETC
Cláudia Linhares Sales,ETC
Julio Araujo,ETC
Alexandre Cezar,ETC
Carlos Vinícius Gomes Costa Lima,ETC
Vinicius Fernandes dos Santos,ETC
Ana Shirley Ferreira Silva,ETC
Lorrana F. de Castro,ETC
Rodolfo A. de Oliveira,ETC
Fábio Protti,ETC
Vitor Tocci Ferreira de Luca,ETC
Fabiano de S. Oliveira,ETC
Jayme L. Szwarcfiter,ETC
Alonso Ali,ETC
Orlando Lee,ETC
Yulle G. F. Borges,ETC
Rafael C. S. Schoeury,ETC
Matheus Diógenes Andrade,ETC
Fábio Luiz Usberti,ETC
Fábio Botler,ETC
Lucas Colucci,ETC
Yoshiharu Kohayakawa,ETC
Cláudio Carvalho,ETC
Jonas Costa,ETC
Raul Lopes,ETC
Ana Karolina Maia,ETC
Nicolas Nisse,ETC
Cláudia Linhares Sales,ETC
Luis Filipe de Lima Sales,ETC
Raimundo Azevedo Neto,ETC
Glauber Ferreira Cintra,ETC
Aleffer Rocha,ETC
Sheila M. Almeida,ETC
Leandro M. Zatesko,ETC
Pedro Jorge de Abreu Figueredo,ETC
Manoel Campêlo,ETC
Rodrigo Souza,ETC
Raquel Souza Francisco Bravo,ETC
Maria Luíza López Cruz,ETC
Mauro N. Alves Junior,ETC
Diana Sasaki,ETC
Lucas F. Muniz,ETC
Carla N. Lintzmayer,ETC
Denis G. Fantinato,ETC
Cecília Lescano Osório,ETC
Edna Ayako Hoshino,ETC
Vinícius de Souza Carvalho,ETC
Cândida Nunes da Silva,ETC
Orlando Lee,ETC
Vítor Gomes Chagas,ETC
Manuel Iori,ETC
Maicon Lima,ETC
Melque Henrique Castro,ETC
Thiago Leite,ETC
Douglas Cordeiro,ETC
Nubia Rosa da Silva,ETC
Felipe Abrahão,ETC
Klaus Wehmuth,ETC
Artur Ziviani,ETC
Bruno Masquio,ETC
Paulo Pinto,ETC
Jayme L. Szwarcfiter,ETC
Cristina Fernandes,ETC
Rafael Pocai,ETC
Bruno Monteiro,ETC
Vinicius F. dos Santos,ETC
Matheus Guedes,ETC
Vinicius F. dos Santos,ETC
Fabricio Mendoza-Granada,ETC
Marcos Villagra,ETC
Caroline Patrão,ETC
Luis Kowada,ETC
Diane Castonguay,ETC
André Ribeiro,ETC
Celina Figueiredo,ETC
Flavia Bonomo,ETC
Fabiano Oliveira,ETC
Moysés S. Sampaio Jr.,ETC
Jayme L. Szwarcfiter,ETC
Jorge dos Santos,ETC
Guilherme Londe,ETC
Alexandre Ribeiro,ETC
Everton da Silva,ETC
Caroline Silva,ETC
Cândida Silva,ETC
Orlando Lee,ETC
Marcelo Benedito,ETC
Hugo Rosado,ETC
Yulle Borges,ETC
Thiago de Queiroz,ETC
Vinícius Lima,ETC
Flavio Miyazawa,ETC
Ariel Arbiser,ETC
Vitor Ponciano,ETC
Romulo Oliveira,ETC
Simone Gama,ETC
Rosiane Freitas,ETC
Ueverton Souza,ETC
Pamela Tabak,ETC
Daniel Ratton Figueiredo,ETC
Pablo Luiz B. Soares,ETC
Manoel Campêlo,ETC
Rodrigo Lamblet Mafort,ETC
Fábio Protti,ETC
Rafael T. Araújo,ETC
Sulamita Klein,ETC
Fábio Botler,ETC
Cristina Fernandes,ETC
Juan Gutiérrez,ETC
Fábio Silva,ETC
Raquel Bravo,ETC
Rodolfo Oliveira,ETC
Ueverton Souza,ETC
Allen Ibiapina,ETC
Ana Silva,ETC
Raquel M. Souza,ETC
Fabiano Oliveira,ETC
Paulo E. D. Pinto,ETC
Juan P. A. Lopes,ETC
Fabiano Oliveira,ETC
Valmir C. Barbosa,ETC
Rafael C. S. Schoeury,ETC
Klaus Wehmuth,ETC
Artur Ziviani,ETC
Claudson Bornstein,ETC
Tanilson Santos,ETC
Ueverton Souza,ETC
Jayme L. Szwarcfiter,ETC
Felipe Abrahão,ETC
Klaus Wehmuth,ETC
Artur Ziviani,ETC
Francisco A. Silva,ETC
Flávio K. Miyazawa,ETC
Rafael C. S. Schoeury,ETC
Felipe Abrahão,ETC
Klaus Wehmuth,ETC
Artur Ziviani,ETC
Carla N. Lintzmayer,ETC
Flávio K. Miyazawa,ETC
Eduardo Candido Xavier,ETC
Marcelo Fonseca Faraj,ETC
Sebastián Urrutia,ETC
João Fernando Machry Sarubbi,ETC
Esther S. Mamián Lopez,ETC
Aurelio Ribeiro Leite Oliveira,ETC
Bruno Dias,ETC
Rosiane Freitas,ETC
Javier Marenco,ETC
Nelson Maculan,ETC
Rafael F. Schmid,ETC
Edson N. Cáceres,ETC
Saulo Queiroz,ETC
Edimar Bauer,ETC
Bruno Dias,ETC
Rosiane Freitas,ETC
Javier Marenco,ETC
Nelson Maculan,ETC
Claudson Bornstein,ETC
José Wilson C. Pinto,ETC
Jayme L. Szwarcfiter,ETC
Rubens A. Sucupira,ETC
Sulamita Klein,ETC
Jonas Costa,ETC
Raul Lopes,ETC
Raul Lopes,ETC
Victor Campos,ETC
Mauro Roberto Costa da Silva,ETC
Welverton Rodrigues da Silva,ETC
Rafael C. S. Schoeury,ETC
Marcos Salvatierra,ETC
Rosiane Freitas,ETC
Moysés S. Sampaio Jr.,ETC
Fabiano Oliveira,ETC
Jayme L. Szwarcfiter,ETC
Priscila Camargo,ETC
Alan D. A. Carneiro,ETC
Uéverton S. Santos,ETC
Arthur Pratti Dadalto,ETC
Fábio Luiz Usberti,ETC
Mário César San Felice,ETC
João Guilherme Martinez,ETC
Rosiane Freitas,ETC
Fábio Protti,ETC
Bruno Pasqualotto Cavalar,ETC
Rodrigo Souza,ETC
João Pedro W. Bernardi,ETC
Sheila M. Almeida,ETC
Leandro M. Zatesko,ETC
Luiz Eduardo Fernandes Bentes,ETC
Wesley da Silva Rocha,ETC
Renata da Encarnação Onety,ETC
Alan Diêgo Aurélio Carneiro,ETC
Fábio Protti,ETC
Uéverton S. Santos,ETC
Juan P. A. Lopes,ETC
Fabiano de S. Oliveira,ETC
Paulo E. D. Pinto,ETC
Mario R. F. Benevides,ETC
Luiz C. F. Fernandez,ETC
Anna C. C. M. de Oliveira,ETC
Leandro M. Zatesko,ETC
Renato Carmo,ETC
André L. P. Guedes,ETC
Alfredo Candia-Véjar,ETC
Luiz Satoru Ochi,ETC
Luidi Simonetti,ETC
Uéverton S. Souza,ETC
Guilherme de C. M. Gomes,ETC
Vinicius Fernandes dos Santos,ETC
Aleffer Rocha,ETC
Sheila Morais Almeida,ETC
Cristina Fernandes,ETC
Juan Gutiérrez,ETC
Atílio G. Luiz,ETC
Murilo Santos de Lima,ETC
Mário César San Felice,ETC
Orlando Lee,ETC
Bruno Pasqualotto Cavalar,ETC
Luiz Alberto Viana,ETC
Manoel Campêlo,ETC
Fábio Botler,ETC
Maycon Sambinelli,ETC
Rafael S. Coelho,ETC
Orlando Lee,ETC
Eurico L. P. Ruivo,ETC
Pedro P. B. de Oliveira,ETC
Rubens A. Sucupira,ETC
Sulamita Klein,ETC
Jean N. R. Araujo,ETC
Ulysses Rocha,ETC
Natanael Ramos,ETC
Lucas Melo,ETC
Marcelo Benedito,ETC
André Silva,ETC
Rafael Cano,ETC
Flavio Miyazawa,ETC
Eduardo C. Xavier,ETC
Rafael C. S. Schoeury,ETC
Dennis Clemens,ETC
Matthew Jenssen,ETC
Yoshiharu Kohayakawa,ETC
Natasha Morrison,ETC
Guilherme Oliveira Mota,ETC
Damian Reding,ETC
André Carvalho Silva,ETC
Orlando Lee,ETC
Roberto F. Parente,ETC
Cristiane M. Sato,ETC
Hugo Braga,ETC
Mauro Henrique Mulati,ETC
Flávio K. Miyazawa,ETC
Gabriel A. G. Sobral,ETC
Marina Groshaus,ETC
André L. P. Guedes,ETC
Guilherme Oliveira Mota,ETC
Renzo Gómez,ETC
Vinícius Balbino de Souzay,ETC
Rodrigo Souza,ETC
Carlos E. Ferreira,ETC
Alexandre S. Freire,ETC
Augusto Vellozo,ETC
Raquel S. F. Bravo,ETC
Loana T. Nogueira,ETC
Fábio Protti,ETC
Maycon Sambinelli,ETC
Cândida Nunes da Silva,ETC
Orlando Lee,ETC
Sulamita Klein,ETC
Uéverton S. Souza,ETC
Rubens A. Sucupira,ETC
Diego S. Nicodemos,ETC
Sulamita Klein,ETC
Thiago Alves Rocha,ETC
Ana Teresa Martins,ETC
Braz A. S. Junior,ETC
Simone A. C. Cavalheiro,ETC
Luciana Foss,ETC
Raphael Martins,ETC
Diana Sasaki,ETC
Jheyne N. Ortiz,ETC
Diego F. Aranha,ETC
Ricardo Dahab,ETC
Eduardo Morais,ETC
Diego F. Aranha,ETC
Ricardo Dahab,ETC
Elton Lever,ETC
Omar Vilca,ETC
Rosiane Freitas,ETC
Atílio G. Luiz,ETC
Pedro Geraldo M. R. Alves,ETC
Diego F. Aranha,ETC
Yulle Glebbyo,ETC
Flávio K. Miyazawa,ETC
Rafael C. S. Schoeury,ETC
Eduardo C. Xavier,ETC
Vinicius F. dos Santos,ETC
Rafael C. S. Schoeury,ETC
Henrique Becker,ETC
Luciana S. Buriol,ETC
Osmar Leandro Dantas da Silva,ETC
Diego Rocha Lima,ETC
Murilo Santos de Lima,ETC
Mário César San Felice,ETC
Orlando Lee,ETC
Rodrigo Souza,ETC
Mário S. Alvim,ETC
Michael Hicks,ETC
Flávio K. Miyazawa,ETC
Rafael C. S. Schoeury,ETC
Nicollas M. Sdroievski,ETC
Murilo V. G. da Silva,ETC
Leonardo Y. Schwarzstein,ETC
Flávio K. Miyazawa,ETC
Rafael C. S. Schoeury,ETC
Rafael Teixeira de Araújo,ETC
Fabricio Schiavon Kolberg,ETC
Marina Groshaus,ETC
André Luiz Pires Guedes,ETC
Renato Carmo,ETC
Vinicius F. dos Santos,ETC
Sebastián Urrutia,ETC
Eduardo S. Lira,ETC
Diane Castonguay,ETC
Erika M. M. Coelho,ETC
Hebert Coelho,ETC
Cassio Ferreira Merlo,ETC
Mauro Pinheiro Rodrigues,ETC
Marcia Helena Moreira Paiva,ETC
Omar Vilca,ETC
Rosiane Freitas,ETC
Marcel L. Rios,ETC
Francisco S. S. Neto,ETC
José F. Magalhães Netto,ETC
Osmar Leandro Dantas da Silva,ETC
Emanuel Dantas Filho,ETC
Diego Rocha Lima,ETC
Luciana Montera,ETC
Lucas Akayama Vilhagra,ETC
Tainá Raiol,ETC
Juan P. A. Lopes,ETC
Paulo E. D. Pinto,ETC
Fabiano de S. Oliveira,ETC
Raquel M. Souza,ETC
Fabiano de S. Oliveira,ETC
Paulo Eustáquio D. Pinto,ETC
André Pinheiro,SEMISH
Cleidson Souza,SEMISH
Nelson Tenório Jr.,SEMISH
Fernando Figueira Filho,SEMISH
Leandro de Almeida Melo,SEMISH
Claudia Motta,SEMISH
Carlo Oliveira,SEMISH
Carla Verônica Marques,SEMISH
Antonio Brasil,SEMISH
Jefferson Andrade,SEMISH
Luiz Pinto,SEMISH
Karin Komati,SEMISH
Arthur Artoni,SEMISH
Bruno Oliveira,SEMISH
Jonathan Nau,SEMISH
Rudimar Luís Scaranto Dazzi,SEMISH
Aluizio Haendchen Filho,SEMISH
Anita Fernandes,SEMISH
Emanuel Rodrigues,SEMISH
Antonilson Alcantara,SEMISH
Filipe Coelho,SEMISH
Cleidson Souza,SEMISH
Diogo Lima Silva,SEMISH
Julio Cezar Silva,SEMISH
Adiel de Almeida Filho,SEMISH
Lucas Bressan,SEMISH
Regina Braga,SEMISH
Fernanda Campos,SEMISH
André Oliveira,SEMISH
Igor Muzetti Pereira,SEMISH
Carla Sanches Nere dos Santos,SEMISH
Vicente José Peixoto de Amorim,SEMISH
Edimar Roque Martello Junior,SEMISH
Acacia Terra,SEMISH
Ricardo Parizotto,SEMISH
Braulio Mello,SEMISH
Leandro Rodrigues Ramos,SEMISH
Karin Satie Komati,SEMISH
Francisco de Assis Boldt,SEMISH
Jefferson Oliveira Andrade,SEMISH
Libério Silva,SEMISH
Sanderson Gonzaga de Oliveira,SEMISH
Alan Fernandes,SEMISH
Felipe Rocha,SEMISH
Bruna Soares,SEMISH
Bruno Matias,SEMISH
Oswaldo de Oliveira,SEMISH
Sâmela Ferreira,SEMISH
Thais Batista,SEMISH
Everton Cavalcante,SEMISH
Patrick Fernandes,SEMISH
Renato Dilli,SEMISH
Renata Reiser,SEMISH
Adenauer C. Yamin,SEMISH
Richardson Santiago Teles de Menezes,SEMISH
John Victor Alves Luiz,SEMISH
Aron Miranda Henrique-Alves,SEMISH
Rossana Moreno Santa Cruz,SEMISH
Helton Maia,SEMISH
Walkir Brito,SEMISH
Claudia Motta,SEMISH
Paulo Roberto Filho,SEMISH
Zeca Borges,SEMISH
Julia Luiza da Conceição,SEMISH
Rosiane Freitas,SEMISH
Bruno F. Gadelha,SEMISH
João Gustavo Kienen,SEMISH
Sérgio Anders,SEMISH
Brendo Cavalcante,SEMISH
Rogério Albandes,SEMISH
Roger Machado,SEMISH
Adenauer C. Yamin,SEMISH
Daniel Victor Teixeira Lima,SEMISH
Vanilze Vaz,SEMISH
Francisco de Albuquerque Júnior,SEMISH
Marcelino Silva da Silva,SEMISH
Cristiano Galafassi,SEMISH
Fabiane Galafassi,SEMISH
Eliseo Reategui,SEMISH
Rosa Vicari,SEMISH
Geovanna Evelyn Taype Espinoza,SEMISH
Maria Cecilia Calani Baranauskas,SEMISH
Felipe Rocha,SEMISH
Pedro Paulo Balbi,SEMISH
Mateus Eloi da Silva Bastos,SEMISH
Vitor Yeso Fidelis Freitas,SEMISH
Richardson Santiago Teles de Menezes,SEMISH
Helton Maia,SEMISH
Henrique Camacho Farias,SEMISH
Andreia Gentil Bonfante,SEMISH
Claudia Aparecida Martins,SEMISH
Fabiane Cristina Altino,SEMISH
Celciane Alves Vasconcelos,SEMISH
Edio Roberto Manfio,SEMISH
Fábio Carlos Moreno,SEMISH
Maria Renata de Mira Gobbo,SEMISH
Marcelo Ozawa de Sousa,SEMISH
Ricardo Parizotto,SEMISH
Braulio Adriano de Mello,SEMISH
Rafael Lucien Bahr Arias,SEMISH
Alan Salvany Felinto,SEMISH
Fábio Carlos Moreno,SEMISH
Edio Roberto Manfio,SEMISH
Carolinne Roque e Faria,SEMISH
Maurilio Martins Campano Júnior,SEMISH
Igor W. A. Falcão,SEMISH
Paulo H. A. Pereira,SEMISH
Rafael F. Vieira,SEMISH
Antonio C. Oliveira Jr,SEMISH
Daniel S. Souza,SEMISH
Marcos C. R. Seruffo,SEMISH
Diego L. Cardoso,SEMISH
Mateus Coelho Silva,SEMISH
Sérvio Pontes Ribeiro,SEMISH
Saul Delabrida,SEMISH
Ricardo Augusto Rabelo Oliveira,SEMISH
Felipe Rocha,SEMISH
Luís Felipe Santos,SEMISH
José Gameleira Neto,SEMISH
Alan Fernandes,SEMISH
Thais Batista,SEMISH
Everton Cavalcante,SEMISH
Bruno N. M. S. Conte,SEMISH
Thiago N.M. S. Conte,SEMISH
Roberto C. L. de Oliveira,SEMISH
Rogério Albandes,SEMISH
Roger Machado,SEMISH
João Lopes,SEMISH
Ana Marilza Pernas,SEMISH
Adenauer C. Yamin,SEMISH
Ismael Araújo Ramos,SEMISH
Márcio André Baima Amora,SEMISH
Marcela Pessoa,SEMISH
Robson Melo,SEMISH
Adrisson Rodrigues,SEMISH
Sergio Cleger,SEMISH
João Marcos Cavalcanti,SEMISH
Savio Lopes Rabelo,SEMISH
Tamara Arruda Pereira,SEMISH
Francisco Nivando Bezerra,SEMISH
Rita de C. P. Cunha,SEMISH
Rafael F. Vieira,SEMISH
Paulo H. A. Pereira,SEMISH
Igor W. A. Falcão,SEMISH
Daniel da A. Souza,SEMISH
Diego L. Cardoso,SEMISH
Daniel M. Kuhn,SEMISH
Cristiano R. Cervi,SEMISH
Edimar Mânica,SEMISH
Carla Marina C. Paxiúba,SEMISH
Celson Pantoja Lima,SEMISH
Marcelo de Souza Júnior,SEMISH
Rafael S. Bressan,SEMISH
Douglas F. Pereira,SEMISH
Priscila T. M. Saito,SEMISH
Pedro H. Bugatti,SEMISH
Aluizio Rocha Neto,SEMISH
Bárbara Soares,SEMISH
Felipe Barbalho,SEMISH
Lucas Santos,SEMISH
Thais Batista,SEMISH
Flavia C. Delicato,SEMISH
Paulo F. Pires,SEMISH
Ricardo Reis,SEMISH
Gabriel Oliveira Ferreira,SEMISH
Luís Filipe Pereira Silva,SEMISH
Alan Afif Helal,SEMISH
Roberto Colistete Junior,SEMISH
Fábio da Cunha Garcia,SEMISH
Gilberto Fonseca Barroso,SEMISH
Rodolfo da Silva Villaça,SEMISH
Leonardo João,SEMISH
Verônica Tabim,SEMISH
Anderson Cardoso,SEMISH
Roger Machado,SEMISH
João Lopes,SEMISH
Gerson Cavalheiro,SEMISH
Ana Marilza Pernas,SEMISH
Adenauer C. Yamin,SEMISH
Rafael S. Bressan,SEMISH
Marcelo de Souza Júnior,SEMISH
Douglas F. Pereira,SEMISH
Pedro H. Bugatti,SEMISH
Priscila T. M. Saito,SEMISH
Karen Torres Teixeira,SEMISH
Maria Luiza Machado Campos,SEMISH
João C. P. da Silva,SEMISH
Paulo L. S. Brizolara,SEMISH
Leonardo Cunha de Miranda,SEMISH
Everton da Silva,SEMISH
Elenir Lila Leobet de Lima,SEMISH
Fabrício Martins Lopes,SEMISH
André Yoshiaki Kashiwabara,SEMISH
Tamara Arruda Pereira,SEMISH
Amauri Holanda de Souza Junior,SEMISH
Marly Guimarães Fernandes Costa,SEMISH
Cícero Ferreira Fernandes Costa Filho,SEMISH
Manoel S. L. Neto,SEMISH
Marly G. F. Costa,SEMISH
Cícero F. F. C. Filho,SEMISH
Fábio Franco de Oliveira,SEMISH
Rodolfo da Silva Villaça,SEMISH
Celso Alberto Saibel Santos,SEMISH
Roberto Colistete Junior,SEMISH
Cristiano Martins Monteiro,SEMISH
Fábio Rocha da Silva,SEMISH
Cristina Duarte Murta,SEMISH
Vicente J. P. Amorim,SEMISH
Carlos A. L. Mion,SEMISH
Igor M. Pereira,SEMISH
Ricardo C. Camara,SEMISH
Andrea G. C. Bianchi,SEMISH
Ricardo A. R. Oliveira,SEMISH
Caio C. Viel,SEMISH
Kamila R. H. Rodrigues,SEMISH
Isabela Zaine,SEMISH
Cesar A. C. Teixeira,SEMISH
Maria da Graça C. Pimentel,SEMISH
Alessandro Arpetti,SEMISH
Giovani R. F. Junior,SEMISH
Vicente J. P. Amorim,SEMISH
Thiago L. Gomes,SEMISH
Igor M. Pereira,SEMISH
Sérgio Manuel Serra da Cruz,SEMISH
Luan Soares Andrade,SEMISH
Jonice Oliveira Sampaio,SEMISH
Nádia P. Kozievitch,SEMISH
Tatiana M. C. Gadda,SEMISH
Keiko V. O. Fonseca,SEMISH
Marcelo O. Rosa,SEMISH
Luiz C. Gomes Jr.,SEMISH
Monika Abkar,SEMISH
Renan Patrick de C. Marçal,SEMISH
Cláudia Caroline L. de Oliveira,SEMISH
Marcos César da Rocha Seruffo,SEMISH
Marcos César da Rocha Seruffo,SEMISH
Marianne Eliasquevici,SEMISH
Daniel da Silva Souza,SEMISH
Leandro A. Martinez,SEMISH
Tiago Lobo,SEMISH
Eduardo Marques,SEMISH
Juliano Ratusznei,SEMISH
Waleska Zanotto,SEMISH
Carlos Kamienski,SEMISH
Efrem E. O. Lousada,SEMISH
Raquel A. F. Mini,SEMISH
Marcelo Maia da Silva,SEMISH
Heitor Freitas,SEMISH
Bruno Faiçal,SEMISH
Gerson Serejo,SEMISH
Jó Ueyama,SEMISH
Gustavo Pessin,SEMISH
Cristiano Martins Monteiro,SEMISH
Fábio Rocha da Silva,SEMISH
Cristina Duarte Murta,SEMISH
Yuri Marinho Olivatti,SEMISH
André Kurt Amann Pereira,SEMISH
Rodrigo Filev Maia,SEMISH
Thiago Pradi,SEMISH
Luciano Silva,SEMISH
Olga R. P. Bellon,SEMISH
Gustavo M. S. Dória,SEMISH
Douglas Scheunemann,SEMISH
Adenauer C. Yamin,SEMISH
João Lopes,SEMISH
Cláudio Geyer,SEMISH
Patrícia Davet,SEMISH
Huberto Kaiser Filho,SEMISH
Leonardo João,SEMISH
Lucas Xavier,SEMISH
Rodrigo Souza,SEMISH
João Lopes,SEMISH
Ana Marilza Pernas,SEMISH
Nelsi Warken,SEMISH
Adenauer C. Yamin,SEMISH
Rafael M. Ramos,SEMISH
Célia Ralha,SEMISH
George Teodoro,SEMISH
Richard Aderbal Gonçalves,SEMISH
Carolina Paula de Almeida,SEMISH
Sandra Mara G. S. Venske,SEMISH
Josiel N. Kuk,SEMISH
Lucas M. Pavelski,SEMISH
Matheus Crespi Schenfeld,SEMISH
Leonardo Amaral,SEMISH
Everton de Matos,SEMISH
Fabiano Hessel,SEMISH
Emmanoel M. Sousa Junior,SEMISH
Frederico Lopes,SEMISH
Anna Beatriz Marques,WASHES
Gabriel Aires,WASHES
Deógenes Silva Junior,WASHES
Roberto Pereira,WASHES
Aline Sousa,WASHES
Natasha Valentim,WASHES
Marcio Imamura,WASHES
Alexandre Costa,WASHES
Bruno Pereira,WASHES
Francisco Henrique Ferreira,WASHES
Rodrigo Pereira dos Santos,WASHES
José Adson Cunha,WASHES
Josinaldo Pontes,WASHES
Mirelly da Silva,WASHES
Alex Calado,WASHES
Ricardo Souza,WASHES
Luiz Paulo Carvalho,WASHES
Jonice Oliveira,WASHES
Edgard Valderramas,WASHES
Luciana Chueri,WASHES
Anderson Afonso,WASHES
Mariana Pinheiro,WASHES
Mateus Lambranho Ramos,WASHES
Rodrigo Pereira dos Santos,WASHES
Ariádna Miranda,WASHES
Allysson Allex Araújo,WASHES
Emanuel Coutinho,WASHES
Jerffeson Souza,WASHES
Jonas Boechat,WASHES
Fernando Magalhães,WASHES
Otávio Dantas,WASHES
Luciana Borges,WASHES
Elmo de Faria,WASHES
Eunice Nunes,WASHES
Lucas Couto,WASHES
Marcelo Fornazin,WASHES
Leonardo Gargano,WASHES
Valéria Silva,WASHES
Ivaldir H. de Farias Junior,WASHES
Jeferson Vieira,WASHES
Emanuel Coutinho,WASHES
Wagner Braga Bezerra,WASHES
Delano Maia,WASHES
Emanuel Coutinho,WASHES
Leonardo Moreira,WASHES
Maurício Neto,WASHES
André Pinheiro,WASHES
Caio Rabello,WASHES
Leonardo Furtado,WASHES
Gustavo Pinto,WASHES
Cleidson Souza,WASHES
Juliana Saraiva,WASHES
Vanessa Dantas,WASHES
Amanda Rodrigues,WASHES
Tiago Lima,WASHES
Josiane Porto,WASHES
Ana Santos,WASHES
Ricardo Souza,WASHES
Alexandre Aragão,WASHES
Davi Viana,WASHES
Francisco A. Silva,WASHES
Tercio Sousa,WASHES
Luis Rivero,WASHES
Ariel Teles,WASHES
Arlindo da Conceição,WASHES
Inaldo Costa,WASHES
Patricia Moser,WASHES
Joelson Araújo,WASHES
Everton Oliveira,WASHES
Henrique Ferreira,WASHES
Christiane Pereira,WASHES
Cleidiane Nunes,WASHES
Ivaldir Júnior,WASHES
Leonardo Gargano,WASHES
Barbara Ramos,WASHES
Marcelo Fornazin,WASHES
Edson Neto,WASHES
Julio Furtado,WASHES
Tiago Nogueira,WASHES
Letycia Duarte,WASHES
Simone Los,WASHES
Júllian Luz,WASHES
Emanuel Coutinho,WASHES
Italo Santos,WASHES
Ernesto Trajano,WASHES
Frederico Severo Miranda,WASHES
Paulo Cezar Stadzisz,WASHES
Emanuel Coutinho,WASHES
Leonardo Moreira,WASHES
Gabriel Paillard,WASHES
José Jorge Lima Dias Jr.,WASHES
José Adson Oliveira Guedes da Cunha,WASHES
Arison Heltami Rodrigues Uchoa,WASHES
Emanuel Coutinho,WASHES
Henrique J. A. Holanda,WASHES
Carla K. de M. Marques,WASHES
Francisca Aparecida P. Pinto,WASHES
Valdemar V. Graciano Neto,WASHES
Flávio E. A. Horita,WASHES
Rodrigo P. dos Santos,WASHES
Davi Viana,WASHES
Mohamad Kassab,WASHES
Críssia Marcelino,WASHES
Francisco Nascimento,WASHES
Marco Almada,WASHES
Romis Attux,WASHES
Rodrigo Santos,WASHES
Arilo Claudio Dias-Neto,WASHES
Nelson G. de Sá Leitão Junior,WASHES
Ivaldir H. de Farias Junior,WASHES
Sabrina Marczak,WASHES
Rodrigo Santos,WASHES
Felipe Furtado,WASHES
Hermano P. de Moura,WASHES
Ethan T. McGee,WASHES
Matthew Krugh,WASHES
John D. McGregor,WASHES
Laine Mears,WASHES
Simone da Silva Amorin,WASHES
John D. McGregor,WASHES
Eduardo Santana de Almeida,WASHES
Christina von Flach Chavez,WASHES
José Jorge Lima Dias Jr.,WASHES
Heitor Costa,WASHES
Paulo Afonso Pereira Junior,WASHES
Elisiane Monteiro Soares,WASHES
Sandro Ronaldo Bezerra Oliveira,WASHES
Melquizedeque Cabral dos Santos,WASHES
Alexandre Marcos Lins de Vasconcelos,WASHES
Rebeca Teodoro da Silva,WASHES
Luiz Gustavo Ferreira Aguiar,WASHES
Rodrigo Pereira dos Santos,WASHES
Elias Canhadas Gengivir,WASHES
Olavo Barbosa,WASHES
Rodrigo Pereira dos Santos,WASHES
Davi Viana,WASHES
Jerônimo Pellegrini,WASHES
Sérgio Amadeu da Silveira,WASHES
Claudio Penteado,WASHES
Daniel P. Astone,WASHES
Murilo B. Machado,WASHES
Paulo R. de Sousa,WASHES
Rodolfo S. Avelino,WASHES
Emanuel Coutinho,WASHES
Italo de Oliveira,WASHES
Carla I. M Bezerra,WASHES
Cinthya Cavalcanti,WASHES
Maria Lencastre,WASHES
José Junior,WASHES
João Pimentel,WASHES
Tainã Santos,WASHES
Timóteo Silva,WASHES
Anna Paula de A. Lande,WASHES
Rebeca Teodoro da Silva,WASHES
Elias Canhadas Gengivir,WASHES
William Simão de Deus,WASHES
Renata Marques Barros,WASHES
Alexandre L'erario,WASHES
Percival Lucena,WASHES
Leonardo Tizzei,WASHES
Giuseppe Portolese,WASHES
Guilherme da Cruz,WASHES
Elisa Huzita,WASHES
Valéria D. Feltrim,WASHES
Marina Gabriela do Amaral Santos,WASHES
Mauricio R de A Souza,WASHES
Eduardo Figueiredo,WASHES
Monica Anastassiu,WASHES
Flavia Maria Santoro,WASHES
Glederson Santos,WASHES
Bruno Pedraça de Souza,WASHES
Bruno Araujo Bonifácio,WASHES
Priscila Silva Fernandes,WASHES
Andrew L. Fontão,WASHES
Arilo Claudio Dias-Neto,WASHES
Jeferson V. L. Albino,WEI
Rafael A. P. de Oliveira,WEI
Newton C. Will,WEI
Andre R. Ortoncelli,WEI
Adriana Paula Zamim Scherer,WEI
Filipo Novo Mór,WEI
João Marcelo Borovina Josko,WEI
Andrea Charão,WEI
Karina Wiechork,WEI
Marlon L. S. Rodrigues,WEI
Fernando P. Barbosa,WEI
Louis dos Santos Amorim,WEI
Daniela Eloise Flôr,WEI
Eduardo Henrique Molina da Cruz,WEI
Ayslan Trevizan Possebom,WEI
Carlos R. Beleti Junior,WEI
Rodrigo Hübner,WEI
Paulo César Gonçalves,WEI
César Alberto da Silva,WEI
Alexandre da Rosa,WEI
Andreia de Jesus,WEI
Gabriel Vaz Igarashi,WEI
Vinicius Struginski Pereira,WEI
Nathasha Pinto,WEI
Alana Araujo,WEI
Estephane Mendes,WEI
Giovanna Pavani,WEI
Carla Silva,WEI
Raimundo Neto,WEI
Katia Salles,WEI
Luis Rivero,WEI
Jesiel Viana da Silva,WEI
Gustavo Henrique da Silva Alexandre,WEI
Sebastião Santos,WEI
Flávia Carvalho,WEI
Davi Viana,WEI
Luis Rivero,WEI
Carlos R. Beleti Junior,WEI
Robertino M. Santiago Junior,WEI
Alexandre P. Züge,WEI
Marcelo Valério,WEI
Maytê G. C. Bezerra,WEI
Reinaldo V. Alvares,WEI
Marcelo S. Loutfi,WEI
Nathielly de S. Campos,WEI
Daniel Pinto,WEI
Eduarda Chagas,WEI
Gabriel Costa,WEI
Kennedy Nunes,WEI
Ricardo Anchieta,WEI
Simara Rocha,WEI
Anselmo Paiva,WEI
Luis Rivero,WEI
Alex Barradas Filho,WEI
Allan K. Barros,WEI
Davi Viana,WEI
João B. Bottentuit Junior,WEI
Luis Rivero,WEI
Daniela de Souza Gomes,WEI
Marcos Henrique Fonseca Ribeiro,WEI
Giovanni Ventorim Comarela,WEI
Gabriel Philippe Pereira,WEI
Luciano T. E. Pansanato,WEI
Adriane C. A. da Silva,WEI
Lucimara Cruz de Souza,WEI
Almir de Oliveira Costa Junior,WEI
Felício Gobbi Hoffmann Santos Pereira,WEI
Graziela Santos de Araújo,WEI
Luciana Montera Cheung,WEI
Anderson Viçoso de Araújo,WEI
Heitor Batistela Zunta,WEI
Ludmilla Fernandes Oliveira Galvão,WEI
Laura Sánchez García,WEI
Tanya Amara Felipe,WEI
Alexandre F. Lopes,WEI
Thalia S. Santana,WEI
Adriano Braga,WEI
Vinícius F. S. Mota,WEI
Roberta L. Gomes,WEI
Sérgio A. A. de Freitas,WEI
Rita C. G. Berardi,WEI
Silvia Amelia Bim,WEI
Luiz Alencar,WEI
Fernanda Pires,WEI
Marcela Pessoa,WEI
Tadeu Moreira de Classe,WEI
Ronney Moreira de Castro,WEI
Eduardo Cambruzzi,WEI
Jessica de S. Santana,WEI
Milene Selbach Silveira,WEI
Sabrina B. Sassi,WEI
Cristiano Maciel,WEI
Vinícius Carvalho Pereira,WEI
Saori Costa,WEI
Allysson Allex Araújo,WEI
Emanuel Coutinho,WEI
Francisco Gomes,WEI
Jerffeson Souza,WEI
Laila Pereira Mota,WEI
Isa Neves,WEI
Luís Barbosa,WEI
Roberta Fagundes,WEI
Mauro F. Santos Junior,WEI
Sergiana Alves da Silva,WEI
Leandro de C. Santos,WEI
Samira S. da Silva,WEI
Sincler P. de Meireles,WEI
Levi da Silva,WEI
Hanna Alves,WEI
Jerffeson Souza,WEI
Maurício Arimoto,WEI
José Henrique R. Cruz,WEI
Emanuel Oliveira da Silva,WEI
Taciana Pontual Falcão,WEI
Gilvaneide Francisca Gomes,WEI
Ricardo André Cavalcante de Souza,WEI
Pedro B. Pio,WEI
Igor C. Sodré,WEI
Vinicius R. P. Borges,WEI
Rodrigo Pessoa Medeiros,WEI
Taciana Pontual Falcão,WEI
Geber Lisboa Ramalho,WEI
Wilk Oliveira,WEI
Rozelma França,WEI
André Lemos,WEI
Marcia E. J. Kniphoff da Cruz,WEI
Haroldo Amaral,WEI
Lilian Pereira Teixeira,WEI
Geovane F. Piccinin,WEI
Mirella M. Moro,WEI
Benediel Gonçalves,WEI
Elison Nascimento,WEI
Enio Monteiro,WEI
Carlos Portela,WEI
Sandra Oliveira,WEI
Diego Hoss,WEI
Gil Andrade,WEI
Roberta Suero,WEI
Adriano Yasuda,WEI
Jonatas Nascimento,WEI
Josepher Silva,WEI
Levy Silva,WEI
Bianca L. Santana,WEI
Luis Araújo,WEI
Roberto A. Bittencourt,WEI
Camille Jesus,WEI
Bianca L. Santana,WEI
Roberto A. Bittencourt,WEI
Jamille Silva,WEI
Fabiano Oliveira,WEI
Danielle Martins,WEI
Igor Dantas,WEI
Jose Neto,WEI
Lucas F. Silva,WEI
Lourival Neto,WEI
Douglas Lima,WEI
Thaíse Costa,WEI
Eduardo Oliveira,WEI
Roberto A. Bittencourt,WEI
Maurício Souza,WEI
Renata Moreira,WEI
Eduardo Figueiredo,WEI
Natália Silva,WEI
Hígor Santos,WEI
Luís Orleans,WEI
João Pinheiro,WEI
Julia Godinho,WEI
Yuri Guedes ,WEI
Débora Zumpichiatti,WEI
Janaína Gomide,WEI
Fernando Leite,WEI
Gabriel Cardoso,WEI
Igor Estrela,WEI
Antônio Pinto,WEI
Ednara Pereira,WEI
Geraldo Braz Júnior,WEI
Luis Rivero,WEI
Rafael Santos,WEI
Breno Sousa,WEI
Alberto Raiol,WEI
Paulo Cerqueira,WEI
Fábio Bezerra,WEI
Ernane Martins,WEI
Luís Gouveia,WEI
Hígor Santos,WEI
Franciely Souza,WEI
Bruno Santos,WEI
Irandir Amorim,WEI
Maria Silva,WEI
Adauto Filho,WEI
Ernane Martins,WEI
Luís Gouveia,WEI
Alexandre F. Lopes,WEI
Thalia S. Santana,WEI
Adriano Braga,WEI
Albert Lopes,WEI
Carlos Portela,WEI
Sandra Oliveira,WEI
Robson Bonidia,WEI
João Neto,WEI
Marcus Amorim,WEI
Jefferson Simões,WEI
Felipe Assis,WEI
João Pinheiro,WEI
Daniel Menasch,WEI
Claudia Motta,WEI
Ageu Pacheco,WEI
José Quaresma,WEI
Marianne Eliasquevici,WEI
Sandra Oliveira,WEI
Jorge Goulart,WEI
Fabiano Oliveira,WEI
Paulo Pinto,WEI
Leandro Carvalho,WEI
Ana Santos,WEI
Fabiola G. Nakamura,WEI
Elaine Oliveira,WEI
Maurício Arimoto,WEI
João Santos,WEI
Eloi Favero,WEI
Leonardo Zamprogno,WEI
Bruno Merlin,WEI
João Ferreira,WEI
Heleno Fülber,WEI
Allan Veras,WEI
Géssica Alves,WEI
Ayla Rebouças,WEI
Jean Rosa,WEI
Ecivaldo Matos,WEI
Marlo Souza,WEI
Luana Carneiro,WEI
Marlo Souza,WEI
Wellington Lemos,WEI
José Cunha,WEI
Juliana Saraiva,WEI
Daniel Saraiva,WEI
Silas Pereira,WEI
Erica Gallindo,WEI
Reinaldo B. Braga,WEI
Carina Oliveira,WEI
Jéssica Mendes,WEI
Rodrigo Santos,WEI
Davi Santos,WEI
Luis Rivero,WEI
Rafael Andrade,WEI
Franciny Barreto,WEI
Esdras Bispo Jr.,WEI
André G. Pereira,WEI
Leandro Carvalho,WEI
Eduardo Souto,WEI
Gabriela Aguiar,WEI
Lailson Menezes,WEI
Lucas Costa,WEI
Caique Souza,WEI
Ana Inocêncio,WEI
Esdras Bispo Jr.,WEI
Raaby Miranda,WEI
Carlos Portela,WEI
Albert Lopes,WEI
Tamires Rocha,WEI
Elaine Santos,WEI
Vilson Júnior,WEI
Cleyton Souza,WEI
Fabrício Pinto,WEI
Paulo Silva,WEI
Marcos Diniz,WEI
Marianne Eliasquevici,WEI
José Silva,WEI
Letícia Oliveira,WEI
André Silva,WEI
Ana Solórzano,WEI
Cassiano Schneider,WEI
Andrea Charão,WEI
Michelle Martins,WEI
Gilberto Müller,WEI
Gil Andrade,WEI
Diego Hoss,WEI
Ana Barbosa,WEI
Lana Gomes,WEI
Lucas F. Silva,WEI
Cassiano Schneider,WEI
Leandro Schneider,WEI
Andrea Charão,WEI
Matheus Oliveira,WEI
Ayla Dantas,WEI
Ivonildo Neto,WEI
Helcio Silva,WEI
Adson Esteves,WEI
Luiz Noschang,WEI
André Raabe,WEI
Aluizio Filho,WEI
Fernanda Pires,WEI
Karolayne Teixeira,WEI
Marcela Pessoa,WEI
Rafael Queiroz,WEI
Fabrício Pinto,WEI
Paulo Silva,WEI
Leandro Galvão,WEI
Jair Leite,WEI
Leandro Galvão,WEI
Simone Martins,WEI
Giani Petri,WEI
Christiane G. von Wangenheim,WEI
Bruno B. Boniati,WEI
Alex R. Weber,WEI
Giani Petri,WEI
Alejandro Calderón,WEI
Christiane G. von Wangenheim,WEI
Adriano F. Borgatto,WEI
Mercedes Ruiz,WEI
Viviane Vasconcelos,WEI
Ermeson Andrade,WEI
Débora Juliane Guerra Marques da Silva,WEI
Graziela Ferreira Guarda,WEI
Ione Ferrarini Goulart,WEI
Tiago do Carmo Nogueira,WEI
Eudes de Souza Campos,WEI
Matheus E. Franco,WEI
Breno M. Barra,WEI
Rosana A. Moreira,WEI
Caio C. Dias,WEI
Kleber Tavares Fernandes,WEI
Eduardo Henrique da Silva Aranha,WEI
Márcia Jacyntha Nunes Rodrigues Lucena,WEI
André Chateaubriand,WEI
Obede Carvalho,WEI
Ricardo Terra,WEI
Edilaine Santiago de Oliveira,WEI
Pryscilla de Sousa Pereira,WEI
Ramires do Nascimento Moreira,WEI
Leo Natan Paschoal,WEI
Simone do Rocio Senger de Souza,WEI
Rita C. G. Berardi,WEI
Silvia A. Bim,WEI
Regiane Macuch,WEI
Leticia Fleig Dal Forno,WEI
Leonardo Bandeira de Lucena,WEI
Giovana Lorena Costa de Andrade,WEI
Elisa de Fátima Andrade Soares,WEI
Wilton Silva dos Santos Júnior,WEI
Álvaro Gabriel Gomes de Oliveira,WEI
Lígia Maria de Souza Dantas Batista,WEI
Daniel Alves Gomes,WEI
Rommel Wladimir de Lima,WEI
Luiz Otávio Ramos Gavaza,WEI
Láıs do Nascimento Salvador,WEI
David Moises Barreto dos Santos,WEI
Carina Machado de Farias,WEI
Anderson S. de Oliveira,WEI
Everton Dias de A. Silva,WEI
Ayala L. Ribeiro,WEI
Roberto A. Bittencourt,WEI
Bianca L. Santana,WEI
Maísa Soares dos Santos Lopes,WEI
Rodrigo Silva Lima,WEI
João Vitor Ferraz,WEI
Matheus Lima Viana,WEI
Roque Mendes Prado Trindade,WEI
Alzira Ferreira da Silva,WEI
Antônio Cezar de Castro Lima,WEI
Carina Machado de Farias,WEI
Fellipe Pereira Azevedo,WEI
José Elias de Jesus Dias,WEI
Giorgia de O. Mattos,WEI
Josilene A. Moreira,WEI
Ana Flávia C. Moura,WEI
Andrea B. Nascimento,WEI
Simão Martin,WEI
Simone Cavalheiro,WEI
Renata Reiser,WEI
Luciana Foss,WEI
Ana Rita Mazzini,WEI
André Du Bois,WEI
Clause Piana,WEI
Alexandre Grotta,WEI
Edmir P.V. Prado,WEI
Lafayette Batista Melo,WEI
Paulo Roberto Santos Costa,WEI
Marcílio de Paiva Onofre Filho,WEI
Fernando Augusto Ferreira Lordão,WEI
Leandro Cavalcanti de Almeida,WEI
Gláucia Braga e Silva,WEI
Daniel Mendes Barbosa,WEI
Fabrício A. Silva,WEI
Giancarlo F. Roberto,WEI
Fabiano Oliveira,WEI
Paulo Eustáquio D. Pinto,WEI
Igor M. Coelho,WEI
Air Rabelo,WEI
Luiz Claudio Gomes Maia,WEI
Fernando Silva Parreiras,WEI
Jean C. S. Rosa,WEI
Anna Raquel S. Marinho,WEI
Ecivaldo Matos,WEI
Anna Raquel S. Marinho,WEI
Givanaldo R. de Souza,WEI
Alba S. L. do Nascimento,WEI
Silmar Antonio Buchner de Oliveira,WEI
Andréa Pereira Mendonça,WEI
Luís E. T. Forquesato,WEI
Juliana F. Borin,WEI
Felipe M. Sampaio,WEI
Jefferson P. de Almeida,WEI
Alcides Calsavara,WEI
Ana Paula Gonçalves Serra,WEI
Francisco de Assis Zampirolli,WEI
Leandro Silva Galvão de Carvalho,WEI
Miguel Jonathan,WEI
Ronaldo Celso Messias Correia,WEI
Rebeca Motta,WEI
Mario Bonicenha,WEI
Claudia Susie Rodrigues,WEI
Cláudia Werner,WEI
Mateus Lima Alves,WEI
José Robertty de Freitas Costa,WEI
Carla Ilane Moreira Bezerra,WEI
Rodrigo Cândido Borges,WEI
Maria Márcia Bachion,WEI
Ecivaldo de Souza Matos,WEI
Monica de Sousa Massa,WEI
Andrea Charão,WEI
Ana Luísa V. Solórzano,WEI
Rafael G. Trindade,WEI
Jéssica Laisa,WEI
Eduardo Henrique,WEI
Wendell Oliveira,WEI
José Andersson S. da Silva,WEI
Sônia R. Fortes da Silva,WEI
Anselmo L. Gomes,WEI
Láıs V. Minchillo,WEI
Augusto Vellozo,WEI
Edson Borin,WEI
Juliana F. Borin,WEI
Josilene A. Moreira,WEI
Ricardo M. Silva,WEI
Maria Eulina P. Carvalho,WEI
Anderson Felinto Barbosa,WEI
Janderson Jason Barbosa Aguiar,WEI
Ronney Moreira de Castro,WEI
Arianne Sarmento Torcate,WEI
Marcos Uryel F. de Farias,WEI
Sônia R. Fortes da Silva,WEI
Cleiton Soares Martins,WEI
André Luís Alice Raabe,WEI
Elieser Ademir de Jesus,WEI
Eduardo A. da Silva,WEI
Natália Ellery Ribeiro Couto,WEI
Luciana Rita Guedes,WEI
Aleksander Sade Paterno,WEI
Dilson José Lins Rabêlo Júnior,WEI
Carlos de Salles Soares Neto,WEI
Antonio Carlos Raposo,WEI
Luis Alves dos Santos Neto,WEI
José Augusto Fabris,WEI
Soraia Silva Prietch,WEI
Kefferson Ricardi,WEI
Gustavo Kira,WEI
Luiz Ernesto Merkle,WEI
Luciana Mara Freitas Diniz,WEI
Leiva Casemiro Oliveira,WEI
Sílvio Roberto Fernandes,WEI
Fábio Cristiano Souza Oliveira,WEI
Danielle Juliana Silva Martins,WEI
Alessandra Luengo Latorre da Silva,WEI
Igor Steinmacher,WEI
Tayana Conte,WEI
Daniela Brauner,WEI
Raquel Janissek-Muniz,WEI
Lisandro Zambenedetti Granville,WEI
Karina Moura,WEI
Sandro Fetter,WEI
Gabriel Nazar,WEI
Silvino M. da Silva Junior,WEI
Sônia V. Alves França,WEI
Lucas F. Silva,WEI
Iago C. Corrêa,WEI
Andrea Charão,WEI
João V. F. Lima,WEI
Ronney Moreira de Castro,WEI
Sean Wolfgand Matsui Siqueira,WEI
Denilson Novais de Almeida,WEI
Felipe Calegario Nascimento,WEI
Ariane N. Rodrigues,WEI
Renato H. de Oliveira Lopes,WEI
Rafael G. Trindade,WEI
Andrea Schwertner Charão,WEI
Cassiano Andrei Dias da Silveira Schneider,WEI
Edmilson Barbalho C. Neto,WEI
Alba Sandyra Bezerra Lopes,WEI
Diego Silveira Costa Nascimento,WEI
Luiz Otávio Ramos Gavaza,WEI
Láıs do Nascimento Salvador,WEI
David Moises Barreto dos Santos,WEI
Rodrigo Elias Francisco,WEI
Cleon X. Pereira Júnior,WEI
Ana Paula Ambrósio,WEI
Michel Girotto Brum,WEI
Marcia E. J. Kniphoff da Cruz,WEI
Thais N. Viana,WEI
João C. P. da Silva,WEI
Carla A. D. M. Delgado,WEI
Carlos Eduardo da S. Martins,WEI
Fernando R. Gouvêa,WEI
Bianca L. Santana,WEI
José Solenir L. Figuerêdo,WEI
Roberto A. Bittencourt,WEI
Dorgival Netto,WEI
Luiz Mario Medeiros,WEI
Daniel de Pontes,WEI
Edilson de Morais,WEI
Bruno Lima,WEI
Guilherme Mattiello,WEI
Luis Galonetti,WEI
Murylo Lopes,WEI
Rhuan Costa,WEI
Andre R. Ortoncelli,WEI
Paulo Nardi,WEI
Andre T. Endo,WEI
Christiane G. von Wangenheim,WEI
Aldo von Wangenheim,WEI
Fernando S. Pacheco,WEI
Jean C. R. Hauck,WEI
Giani Petri,WEI
Christiane G. von Wangenheim,WEI
Adriano Ferreti Borgatto,WEI
Wagner dos Santos Marques,WEI
Paulo Silas Severo de Souza,WEI
Jaline Gonçalves Mombach,WEI
Euma Silva Santos,WEI
William Fabian Machado Vera,WEI
Ecivaldo de Souza Matos,WEI
Narci Nogueira da Silva,WEI
Marco Aurélio Graciotto Silva,WEI
Julia Godinho,WEI
Kathleen Torres,WEI
Gabriel Batista,WEI
Eduardo Andrade,WEI
Janaína Gomide,WEI
Juliana M. Oliveira dos Santos,WEI
Cíntia Mercês Souza,WEI
Taiala Almeida Santos,WEI
Pietro Matheus Bompet Fontoura Alves,WEI
Débora Abdalla Santos,WEI
Aline M. Araújo,WEI
Bianca Karla A. de S. Melo,WEI
Diego Filipe S. de Lima,WEI
Diogo V. Dantas,WEI
Igor N. dos Santos,WEI
Marcos Henrique A. da Silva,WEI
Matheus Lima M. de Araújo,WEI
Matheus Maranhão R. Praxedes,WEI
Paulo R. P. da Silva,WEI
Alexandre Hild Aono,WEI
Hugo Vianna Silva Rody,WEI
Daniela Leal Musa,WEI
Vanessa Andrade Pereira,WEI
Jurandy Almeida,WEI
Ismar Frango Silveira,WEI
José Viterbo,WEI
Flavia Cristina Bernardini,WEI
Mateus Felipe Teixeira,WEI
Paulo E. Battistella,WEI
Christiane G. von Wangenheim,WEI
Jean Carlos Oliveira Santos,WEI
Karen da Silva Figueiredo,WEI
Stela Sampaio Silva,WEI
Angelica Toffano Seidel Calazans,WEI
Bruno Magno da Silva,WEI
Miguel Jonathan,WEI
Poliana Vitti,WEI
Marcos Augusto Francisco Borges,WEI
Viviane Cristina Oliveira Aureliano,WEI
Patricia Cabral de Azevedo Restelli Tedesco,WEI
Lúcia Maria Martins Giraffa,WEI
Daniel S. A. Araújo,WEI
Gustavo Girão,WEI
Jair Leite,WEI
Rubens Lacerda Queiroz,WEI
Fábio Ferrentini Sampaio,WEI
Giuliano Viana de Alkmim,WEI
Rosemary Dore Heijmans,WEI
Gilberto Astolfi,WEI
Leandro S. G. Carvalho,WEI
Bruno F. Gadelha,WEI
Fabiola G. Nakamura,WEI
David B. F. Oliveira,WEI
Elaine H. T. Oliveira,WEI
Daniela Brauner,WEI
Pablo Margreff,WEI
Tatiana Tavares,WEI
Vinicius Kruger da Costa,WEI
Alexandre L. Silva,WEI
Ana Luísa V. Solórzano,WEI
Andrea Charão,WEI
Patrícia P. Barcelos,WEI
Alberto Alan Raiol,WEI
Ana Carina Lima,WEI
Breno Sousa,WEI
João Sarges,WEI
Rafael Santos,WEI
Fábio Bezerra,WEI
Ana Carla Holanda,WEI
Dorgival Netto,WEI
Helena Cristina Bastos,WEI
André Calisto,WEI
Mayara Santos,WEI
Fabio Q. B. Silva,WEI
Carla Silva,WEI
Jaelson Castro,WEI
Andrea Charão,WEI
Alberto F. Kummer Neto,WEI
Benhur de O. Stein,WEI
Patrícia P. Barcelos,WEI
Simone A. C. Cavalheiro,WEI
Ana M. Pernas,WEI
Marilton S. de Aguiar,WEI
Luciana Foss,WEI
André Du Bois,WEI
Renata H. S. Reiser,WEI
Clause de Brum Piana,WEI
Yuri Weisshahn,WEI
Mateus Raeder,WEI
Mônica Py,WEI
Sandro Rigo,WEI
Josaine Pinheiro,WEI
Juventino Neto,WEI
Ricardo Terra,WEI
Michel Girotto Brum,WEI
Marcia E. J. Kniphoff da Cruz,WEI
Pablo Schoeffel,WEI
Raul Sidney Wazlawick,WEI
Sara Midori Mendes Tomisaki,WEI
Adler Diniz de Souza,WEI
Rodrigo Duarte Seabra,WEI
Robinson Vida Noronha,WEI
Hilton José Silva de Azevedo,WEI
Isabel Cafezeiro,WEI
Leonardo Cruz da Costa,WEI
Ricardo Kubrusly,WEI
Márcia Souza,WEI
César França,WEI
Ronney Moreira de Castro,WEI
Gleison dos Santos Souza,WEI
Flavia Cristina Bernardini,WEI
Patrick Moratori,WEI
Stéphanie Alencar Braga,WEI
Caio Raveli F. Barbosa,WEI
Priscylla da Silva Tavares,WEI
Mikhail José Pires Pedrosa de Oliveira,WEI
Flávia Zenaro Nogueira e Silva,WEI
Marcos Augusto Francisco Borges,WEI
Adilson Vahldick,WEI
António José Mendes,WEI
Maria José Marcelino,WEI
Paulo Roberto Farah,WEI
Paulo Henrique Lima Oliveira,WEI
João Darcy T. Sant'Anna,WEI
Flaviane Vicente T. Sant'Anna,WEI
Diego Bevilaqua,WEI
Ana Carolina G. Inocêncio,WEI
Heitor Costa,WEI
Paulo A. Parreira Júnior,WEI
Otávio Soares Paparidis,WEI
Matheus E. Franco,WEI
Leuson M. P. da Silva,WEI
Brendo C. Bonfim,WEI
Rogério C. Silva,WEI
Jefferson B. da Silva,WEI
Wellington L. Moura,WEI
Carla I. M Bezerra,WEI
Lucas Lemos Barbosa,WEI
Christian Marlon Souza Couto,WEI
Ricardo Terra,WEI
Olavo José Luiz Junior,WEI
Luiz Fernando Delboni Lomba,WEI
André Roberto Ortoncelli,WEI
Marisângela Pacheco Brittes,WEI
Ícaro Andrade Souza,WEI
Ecivaldo de Souza Matos,WEI
Débora Abdalla Santos,WEI
Márcia G. de Oliveira,WEI
Leonardo Leal Reblin,WEI
Elias Oliveira,WEI
Carla A. D. M. Delgado,WEI
João C. P. da Silva,WEI
Fabio Mascarenhas,WEI
Ana Luisa Duboc,WEI
Matheus C. Meira,WEI
Marri S. S. Lima,WEI
Marcos A. F. Borges,WEI
Everton Eugênio de Oliveira Silva,WEI
Josilaine de Souza Silva,WEI
Cassiano Henrique de Albuquerque,WEI
Candido Ferreira Xavier de Mendonça,WEI
Luciano A. Digiampietri,WEI
André Felipe Monteiro,WEI
Dalbert Matos Mascarenhas,WEI
Laura Silva de Assis,WEI
Felipe Becker Nunes,WEI
Fabrício Herpich,WEI
Manuel Constantino Zunguze,WEI
José Valdeni de Lima,WEI
Giorgia Mattos,WIT
Josilene A. Moreira,WIT
Laura L. A. O. Campos,WIT
Luyza E. D. Nascimento,WIT
Maria L. M. Calixto,WIT
Vanessa G. L. Pessoa,WIT
Tiago E. S. Araujo,WIT
Ana Luíza S. Milson,WIT
Indra Matsiendra C. D. Ribeiro,WIT
Izabela A. Andrade,WIT
Julia M. M. Gonçalves,WIT
Luísa M. Laboissiere,WIT
Marcella D. Ferreira,WIT
Daniel H. Dalip,WIT
Michele A. Brandão,WIT
Mirella M. Moro,WIT
Thiago Luís Lopes Siqueira,WIT
Leticia Santos Machado,WIT
Silvia Amelia Bim,WIT
Karen da Silva Figueiredo Medeiros Ribeiro,WIT
Luciana B. Frigo,WIT
Cristiano Maciel,WIT
Karen da Silva Figueiredo Medeiros Ribeiro,WIT
Cristiano Maciel,WIT
Glaucia M. M. Campos,WIT
Ana Cecília M. de Melo,WIT
Luciana B. Frigo,WIT
Francielli Freitas Moro,WIT
Rafaela Oliveira Padilha,WIT
Eliane Pozzebon,WIT
Larissa M. da F. Galeno,WIT
Maria Eduarda H. Lucena,WIT
Tainá da S. Lima,WIT
Maria Luiza M. Campos,WIT
Márcia Gonçalves Oliveira,WIT
Soraya Roberta dos Santos Medeiros,WIT
Ana Carla Kruger Leite,WIT
Clara Marques Bodart,WIT
Cibelle Amorim Martins,WIT
Ana Luiza C. Lorens,WIT
Juliana Espíndola Botelho,WIT
Ana Flávia C. Moura,WIT
Bárbara D. Duarte,WIT
Mirella M. Moro,WIT
Alice Fonseca Finger,WIT
Andréa Sabedra Bordin,WIT
Aline Vieira de Mello,WIT
Douglas Farias Cordeiro,WIT
Anelise Souza Rocha,WIT
Kátia Kelvis Cassiano,WIT
Nubia Rosa da Silva,WIT
Christiane Borges Santos,WIT
Audir da Costa Oliveira Filho,WIT
Andréa S. Bordin,WIT
Alice F. Finger,WIT
Letícia Gindri,WIT
Aline Vieira de Mello,WIT
Julie Silva Pereira,WIT
Luiza Rosa de Moura,WIT
Nurian Maria Amâncio Coelho,WIT
Gabriela Cardoso Montes,WIT
Ivy Oliveira Magesti,WIT
Alessandra Martins Coelho,WIT
Raquel Moreira Machado Fernandes,WIT
Ana Paula Cavadas Rodrigues,WIT
Claudia Lage Rebello da Motta,WIT
Carla Verônica Machado Marques,WIT
Carlo Emmanoel Tolla de Oliveira,WIT
Tamara Cristina Ferreira,WIT
Joslaine Cristina J. de Freitas,WIT
Marcos Wagner de Souza Ribeiro,WIT
Julia Passos,WIT
Karina Huh,WIT
Lais Cavalheiro,WIT
Yasmin Gonçalves,WIT
Marcelo M. Eler,WIT
Josely Cubero,WIT
Sarajane M. Peres,WIT
Simone de Oliveira Santos,WIT
Maria Rodrigues Gomes,WIT
Agatha Alves Martins Rodrigues,WIT
Ariadna Carreiro de Miranda,WIT
Lucas Lima Sousa Torres,WIT
Claudia Sousa Barbosa,WIT
Rebeca Hilda Furtado Costa,WIT
Sara das Mercês Silva,WIT
Fabíola Pantoja O. Araújo,WIT
Lucas Almeida Silva,WIT
Queilane da Conceição Rocha,WIT
Amanda Vilas Boas Oliveira,WIT
Yasmin Solrac Ribeiro dos Santos,WIT
Felipe de Melo Santos,WIT
Guilherme Gonçalves da Silva,WIT
Érica Pereira Machado,WIT
Suzany Angeli,WIT
Isabela Gasparini,WIT
Silvia Amelia Bim,WIT
Gláucia Braga e Silva,WIT
Thais Regina de M. B. Silva,WIT
Maria Dalila Vieira,WIT
Ana Paula Lüdtke Ferreira,WIT
Márcia Maria Lucchese,WIT
Matheus Mattos de Almeida Cruz,WIT
Silvia Amelia Bim,WIT
Ligia Cristina Battezzati,WIT
Mateus Santos,WIT
Rita C. G. Berardi,WIT
Lauana Maria C. de Oliveira,WIT
Anna Beatriz Marques,WIT
Rosiane Freitas,WIT
Bruna Mariana Souza,WIT
Juliana Magalhães,WIT
Julia Luiza da Conceição,WIT
Valéria Maria Pinheiro,WIT
Ana Iza Alencar,WIT
Kalinka Castelo Branco,WIT
Maria Victória Fiori,WIT
Anna Beatriz Marques,WIT
Eduardo Gomes,WIT
Ialy C. Sousa,WIT
Lílian H. Teixeira,WIT
Jerry A. Souza,WIT
Moacy P. Silva,WIT
Mary Karlla A. Guimarães,WIT
Iana Daya C. F. Passos,WIT
Emely V. V. Albernaz Lopes,WIT
Maria Victoria Soares Fiori,WIT
Marina da Silva Rocha,WIT
Kalinka Castelo Branco,WIT
Anna Beatriz Rosangela Marques,WIT
Ester de Lima Pontes Andrade,WIT
Kamila Almeida Benevides,WIT
Kelly Bianca Araujo Silva,WIT
Letícia Medeiros,WIT
Luana Júlia Nunes Ferreira,WIT
Natália de Assis Sousa,WIT
Eliana Almeida,WIT
Sunny Kelma Oliveira Miranda,WIT
Thayanna Klysnney Moreira Nunes,WIT
Aleteia Patricia Araujo,WIT
Maristela Holanda,WIT
Maria Alice N. Silva,WIT
Thalia S. Santana,WIT
Letícia S. Camargo,WIT
Natália C. Louzada,WIT
Ramayane B. Braga,WIT
Adriano Braga,WIT
Luiz Henrique C. Nunes,WIT
Josivan R. Reis,WIT
Carla M. Paxiúba,WIT
Márcio J. M. Ponte,WIT
Mariana W. B. Nascimento,WIT
Roberto P. Nascimento,WIT
Simone S. Sidnei,WIT
Márcio A. Miranda,WIT
Suelen M. de Paula,WIT
Patrícia Araújo de Oliveira,WIT
Aíla Maciel,WIT
Gabriela Felipa Souza,WIT
Silvia Amelia Bim,WIT
Rita C. G. Berardi,WIT
Sarah Barbosa de Deus,WIT
Steffany Caroline Carvalho Freire,WIT
Carina Machado de Farias,WIT
Thalia S. Santana,WIT
Adriano Braga,WIT
Maria Roselene A. Lima,WIT
Geisiane S. Matos,WIT
Sara M. Silva,WIT
Fabíola Pantoja O. Araújo,WIT
Renata V. de Figueiredo,WIT
Tanara Lauschner,WIT
Laura Ribeiro,WIT
Glívia Barbosa,WIT
Ismael Silva,WIT
Flávio Coutinho,WIT
Natália Santos,WIT
Waine Júnior,WIT
Lohana Santos,WIT
André Manzano,WIT
Ângela Farias,WIT
Tamyres Souza,WIT
Soraia Prietch,WIT
Roger Resmini,WIT
Gisele Marinho,WIT
Simone Fagundes,WIT
Carolina Aguilar,WIT
Anna Marques,WIT
Valéria Pinheiro,WIT
Ana Alencar,WIT
Kalinka Branco,WIT
Maria Mendes,WIT
Viviana Noguera,WIT
Kalinka Branco,WIT
Cristina Ciferri,WIT
Márcia Oliveira,WIT
Ana Leite,WIT
Mônica Silva,WIT
Clara Marques Bodart,WIT
Gabriel Nascimento,WIT
Aline Mello,WIT
Amanda Melo,WIT
Isadora Ferrão,WIT
Natália C. Louzada,WIT
Thalia S. Santana,WIT
Ianka Assis,WIT
Ramayane B. Braga,WIT
Adriano Braga,WIT
Jailma da silva,WIT
Vanessa Dantas,WIT
Renata Figueiredo,WIT
Sheyla Medeiros,WIT
Thaíse Costa,WIT
Karen Ribeiro,WIT
Cristiano Maciel,WIT
Monica Pereira,WIT
Marjory Abreu,WIT
Kecia Ferreira,WIT
Glívia Barbosa,WIT
Silvia Albuquerque,WIT
Vania Marquiori,WIT
Márcia Oliveira,WIT
Gabriel Nascimento,WIT
Amanda Martins,WIT
Joana Silva,WIT
Joyce Santos,WIT
Ayla Rebouças,WIT
Renata Sena,WIT
Maria Fiori,WIT
Marina Rocha,WIT
Anna Marques,WIT
Nani Castilho,WIT
Clevi Rapkiewicz,WIT
Simone Fogazzi,WIT
Ana Bacelo,WIT
Cristina Nunes,WIT
Milene Silveira,WIT
Ana Alencar,WIT
Valéria Pinheiro,WIT
Anna Marques,WIT
Thais Sousa,WIT
Elisandra Silva,WIT
Sandra Oliveira,WIT
Fláva Amim,WIT
Jaqueline Moura,WIT
Karina Fernandes,WIT
Ketrin Vargas,WIT
Aline Mello,WIT
Giovana Lucca,WIT
Juliany Raiol,WIT
Nicoli Araújo,WIT
Rafaela Sousa,WIT
Elloá Guedes,WIT
Karen Ribeiro,WIT
Jéssica Azevedo,WIT
Cristiano Maciel,WIT
Silvia A. Bim,WIT
Talita Ferreira,WIT
Elisângela Dias,WIT
Maristela Holanda,WIT
Aleteia Araujo,WIT
Barbara Duarte,WIT
Ana Moura,WIT
Mirella M. Moro,WIT
Barbara Freitas,WIT
Luciana Cosme,WIT
Mayara Nascimento,WIT
Laura Shibukawa,WIT
Mayara Yamanoe,WIT
Silvia A. Bim,WIT
Rosiane Freitas,WIT
Cristiano Maciel,WIT
Larissa Pessoa,WIT
Fernanda Pires,WIT
Jean Rangel,WIT
João Bernado,WIT
Karla Pereira,WIT
Amanda Saccol,WIT
Carla Castanho,WIT
Eduardo Silva,WIT
Eduardo Spies,WIT
Victor Alves,WIT
Fabrizio Franzoia,WIT
Fernanda Pires,WIT
Marcela Pessoa,WIT
Jacques André Grings,WIT
Naira Kaieski,WIT
Paula Nunes,WIT
Luciana A. F. Martimiano,WIT
Nikaelly V. de Lima,WIT
Valéria D. Feltrim,WIT
Larissa Roder,WIT
Suzy Santiago,WIT
Carolina Riente de Andrade,WIT
Cláudia Letícia Ferraz Dutra,WIT
Márcia Gonçalves Oliveira,WIT
Mônica F. da Silva Lopes,WIT
Anne Carolina Silva,WIT
Jennifer Gonçalves do Amaral,WIT
Helen França Medeiros,WIT
Sheyla Medeiros,WIT
Thaíse Costa,WIT
Vanessa Dantas,WIT
Renata Figueiredo,WIT
Beatriz Martins,WIT
Maysa M. G. Macedo,WIT
Andrea Britto Mattos,WIT
Marisa Vasconcelos,WIT
Alexandre Martinazzo,WIT
Roseli Lopes,WIT
Josilene Aires,WIT
Giorgia Mattos,WIT
Andréa Brito,WIT
Ana Flávia Aragão,WIT
Sanny Alves,WIT
Thiago Coelho,WIT
Gabriel Moreira,WIT
Helen Abdala R. Ferreira,WIT
Alice F. Barbosa,WIT
Reinaldo B. Braga,WIT
Marcia N. Viana,WIT
Carina Oliveira,WIT
Ana Flávia C. Moura,WIT
Thiago Henrique C. Tavares,WIT
Giorgia de O. Mattos,WIT
Josilene A. Moreira,WIT
Jaciana B. da Silva,WIT
Reinaldo B. Braga,WIT
Carina Oliveira,WIT
Thais Regina de Moura Braga Silva,WIT
Gláucia Braga e Silva,WIT
Camila N. Soares,WIT
Leticia L. Leite,WIT
Aleteia Patrícia F. de Araújo,WIT
Maristela Holanda,WIT
Rafaela Brum,WIT
Rosa Maria E. Moreira da Costa,WIT
Aleteia Patrícia F. de Araújo,WIT
Vera Maria B. Werneck,WIT
Maria Clicia Steling de Castro,WIT
Joyce Quintino,WIT
Carina Oliveira,WIT
Carlo Oliveira,WIT
Juliana M. Oliveira dos Santos,WIT
Karen A. dos S. Pereira,WIT
Débora Abdalla Santos,WIT
Jéssica Azevedo,WIT
Karen da Silva Figueiredo,WIT
Cristiano Maciel,WIT
Karen da Silva Figueiredo,WIT
Cristiano Maciel,WIT
Lara Cadar Cunha,WIT
Gabriel Novy,WIT
Carlos Alberto Severiano Júnior,WIT
Cristiane Targa,WIT
Daniel B. F. Conrado,WIT
Suellen Barros Ramos,WIT
Karen da Silva Figueiredo,WIT
Vanessa Dantas,WIT
Renata V. de Figueiredo,WIT
Mariana Michels Fontoura,WIT
Leander de Oliveira,WIT
Marília A. Amaral,WIT
Rosiane Freitas,WIT
Karla Susiane Pereira,WIT
Larissa Pessoa,WIT
Ariel Bentes,WIT
Ingrid Santos,WIT
Isabelly Oliveira,WIT
Tanara Lauschner,WIT
Luiza A. Hansen,WIT
Lucas M. Chagas,WIT
Aleteia Patrícia F. de Araújo,WIT
Vinicius R. P. Borges,WIT
Maristela Holanda,WIT
Bárbara Stéphanie Neves Oliveira,WIT
Joyce Nayne Araújo Nascimento,WIT
Maria Tassiane Barros de Lima,WIT
Nayara Maria Costa de Mesquita,WIT
Carla Ilane Moreira Bezerra,WIT
Paulo de Tarso Guerra Oliveira,WIT
Joicy Daliane Oliveira,WIT
Elma Rocha,WIT
Thayrone Santos,WIT
Soraya Medeiros,WIT
Isabel Dillmann Nunes,WIT
Daniela Ridel,WIT
Sabrina Tridico,WIT
Luiz Henrique Castelo Branco,WIT
José Carlos Maldonado,WIT
Kalinka Castelo Branco,WIT
Carla Denise Castanho,WIT
Aurora Wang,WIT
Ingrid Santana,WIT
Luciana Salgado,WIT
Claudia Cappelli,WIT
Cristina Paludo Santos,WIT
Denilson Rodrigues da Silva,WIT
Giana Ferreira,WIT
Maria Gisele Flores da Silveira,WIT
Carolina C. Vieira,WIT
Ana Carolina R. Soares,WIT
Serena F. Ribeiro,WIT
Ana C. M. Souza,WIT
Izadora Perkoski,WIT
Vanessa Romankiv,WIT
Karina Mochetti,WIT
Raquel Bravo,WIT
Luciana Salgado,WIT
Carla Leitão,WIT
Camille Braga,WIT
Gabriela Hecksher,WIT
Kayalla Pontes,WIT
Mateus Paludo Santos,WIT
Cristina Paludo Santos,WIT
Cristiane Ellwanger,WIT
Marcela Sávia Picanço Pessoa,WIT
Sérgio Cleger Tamayo,WIT
Eder Martins Franco,WIT
Isadora Garcia Ferrão,WIT
Aline Vieira de Mello,WIT
Amanda Meincke Melo,WIT
Thalia S. Santana,WIT
Ianka T. B. Assis,WIT
Ramayane B. Braga,WIT
Natália C. Louzada,WIT
Maristela Holanda,WIT
Marília Dantas,WIT
Gustavo Couto,WIT
Jan Mendonça Correa,WIT
Aleteia Patrícia F. de Araújo,WIT
Maria Emília T. Walter,WIT
Gisela Cesario,WIT
Silvia Amelia Bim,WIT
Cristiano Maciel,WIT
Karen da Silva Figueiredo,WIT
Rayane Vitorassi,WIT
Suliane de Oliveira Carneiro,WIT
Simony C. R. de Moura,WIT
Géssica M. da S. Alves,WIT
Jailma J. da Silva,WIT
Rebeca de Q. Dantas,WIT
Vanessa Dantas,WIT
Renata V. de Figueiredo,WIT
Gabriela C. M. de Souza,WIT
Marcela Sávia Picanço Pessoa,WIT
Sérgio Cleger Tamayo,WIT
Juliany Rodrigues R,WIT
Fabiola G. Nakamura,WIT
Ludymila Lobo,WIT
Rosiane Freitas,WIT
Taynah Almeida,WIT
Ana Lúcia Machado,WIT
Tanara Lauschner,WIT
Fabiola G. Nakamura,WIT
Taynah Almeida,WIT
Rosiane Freitas,WIT
Tanara Lauschner,WIT
Mariana Cristina Marino,WIT
Rita C. G. Berardi,WIT
Silvia Amelia Bim,WIT
Ana Carina G. de Lima,WIT
Juliana M. Oliveira dos Santos,WIT
Ana Carolina Cerqueira Ferreira,WIT
Allan Thales Ramos de Oliveira,WIT
Débora Abdalla Santos,WIT
Ecivaldo de Souza Matos,WIT
Ecivaldo Matos,WIT
Emilayne F. Corlett,WIT
Ana Carolina C. Ferreira,WIT
Juliana M. Oliveira dos Santos,WIT
Rhayane S. Monteiro,WIT
Jarina M. P. Marinho,WIT
Reinaldo B. Braga,WIT
Márcia de N. Viana,WIT
Carina T. de Oliveira,WIT
Pedro Clarindo da Silva Neto,WIT
Monique Casagranda,WIT
Bianca Carvalho de Oliveira,WIT
Eliane Nascimento Pereira,WIT
Gabriela Marim de Souza,WIT
Letícia Torres,WIT
Leander Cordeiro de Oliveira,WIT
Marília Abrahão Amaral,WIT
Pricila Castelini,WIT
Marília Abrahão Amaral,WIT
Maristela Terto de Holanda,WIT
Roberto Mourão,WIT
Guilherme N. Ramos,WIT
Aleteia Patrícia F. de Araújo,WIT
Maria Emília T. Walter,WIT
Angelina S. da S. Sales,WIT
Luana S. Reis,WIT
Danielle R. D. Silva,WIT
Ana Cristina Oliveira,WIT
Karolyne Oliveira,WIT
Edlane Alves,WIT
Marcela Tassyany,WIT
Yngrid Cabral,WIT
Thayanne Sousa,WIT
Fanny Batista,WIT
Renata V. de Figueiredo,WIT
Vanessa Farias Dantas,WIT
Gabriela Coutinho,WIT
Ana Caroline C. Nascimento,WIT
Beatriz Pamela M. Nunes,WIT
Helena G. Ribeiro,WIT
Iraci C. S. de Carli,WIT
Maria de Fátima W. P. Lima,WIT
Simone C. M. Paiva,WIT
Naura A. Luciano,WIT
Maitê Thomazi Manenti,WIT
Éverton Fabian Jasinski,WIT
Tatiana Nilson dos Santos,WIT
Eliane Pozzebon,WIT
Luciana B. Frigo,WIT
Karen da Silva Figueiredo,WIT
Cristiano Maciel,WIT
Rosiane Freitas,WIT
Ludymila Lobo,WIT
Tayana Conte,WIT
Ecivaldo Matos,WIT
Maria José dos Santos,WIT
Juliana M. S. Oliveira,WIT
Ana Carolina C. Ferreira,WIT
Emilayne F. Corlett,WIT
Maristela Holanda,WIT
Aleteia Patrícia F. de Araújo,WIT
Maria Emília T. Walter,WIT
Carlos Alberto Jesus de Oliveira,WIT
Thayna Gimenez,WIT
Caroline R. Barroso,WIT
Jéssika M. Pereira,WIT
André L. Przybysz,WIT
Adriano Rivolli,WIT
Carlos N. Silla Jr.,WIT
Maria Eduarda Romagna,WIT
Letícia Heinzmann,WIT
Júlia Marques Carvalho da Silva,WIT
Karen da Silva Figueiredo,WIT
Pedro Clarindo da Silva Neto,WIT
Cristiano Maciel,WIT
Maria Augusta S. N. Nunes,WIT
Carolina S. Louzada,WIT
Edilayne M. Salgueiro,WIT
Beatriz T. Andrade,WIT
Patricia S. de Lima,WIT
Raquel M. C. T. Figueiredo,WIT
Maria Augusta S. N. Nunes,WIT
Carolina S. Louzada,WIT
Edilayne M. Salgueiro,WIT
Beatriz T. Andrade,WIT
Patricia S. de Lima,WIT
Raquel M. C. T. Figueiredo,WIT
Ana Elisa Schmidt,WIT
Mozara Dias Koehler,WIT
Marcelly Homem Coelho,WIT
Morgana Sartor,WIT
Luciana B. Frigo,WIT
Eliane Pozzebon,WIT
Tatiana Nilson dos Santos,WIT
Maitê Thomazi Manenti,WIT
Eliane Pozzebon,WIT
Luciana B. Frigo,WIT
Isadora Garcia Ferrão,WIT
Amanda Meincke Melo,WIT
Joice P. Cardoso,WIT
Laís Dalle Mulle,WIT
Luciana B. Frigo,WIT
Eliane Pozzebon,WIT
Silvia Amelia Bim,WIT
Marília A. Amaral,WIT
Nádia P. Kozievitch,WIT
Maria Cláudia F. P. Emer,WIT
Mariângela O. G. Setti,WIT
Luiz A. Pellison,WIT
Luiz E. Merkle,WIT
Kaleandra C. Almeida,WIT
Ana Carolina Marcelino,WIT
Antony B. Turra,WIT
Luciana B. Frigo,WIT
Eliane Pozzebon,WIT
Tanara Lauschner,WIT
Rosiane Freitas,WIT
Fabiola G. Nakamura,WIT
Ludymila Lobo,WIT
Karen da Silva Figueiredo,WIT
Jean Carlos Oliveira Santos,WIT
Karina Mochetti,WIT
Luciana Salgado,WIT
Ana Valladares Zerbinato,WIT
Beatriz Lopes Souza,WIT
Mariana Prudêncio,WIT
Ana Paula Chaves,WIT
Cristiano Maciel,WIT
Carlo Rodrigues,WPerformance
Vladimir Rocha,WPerformance
Rafael Lopes,WPerformance
Denis Rosário,WPerformance
Eduardo Cerqueira,WPerformance
Helder Oliveira,WPerformance
Tobias Gehlen,WPerformance
Maykon Renan Pereira da Silva,WPerformance
Flávio Rocha,WPerformance
Denilson Souza Bélo,WPerformance
Liria M. Sato,WPerformance
Edson Midorikawa,WPerformance
Benhur Tessele,WPerformance
Romulo Silva de Oliveira,WPerformance
Cristian Koliver,WPerformance
Évelynn Rosa,WPerformance
Flávio Rocha,WPerformance
Samuel de Oliveira Ribeiro,WPerformance
Glauber Dias Gonçalves,WPerformance
Francisco Airton Silva,WPerformance
Alex B. Vieira,WPerformance
Jussara Almeida,WPerformance
Ronald Souza,WPerformance
Daniel Figueiredo,WPerformance
Wilson Medeiros,WPerformance
Júlio Mendonça,WPerformance
Gabriel Alves,WPerformance
Ermeson Andrade,WPerformance
Lucas Santos,WPerformance
Laécio Rodrigues,WPerformance
Matheus Torquato,WPerformance
Francisco Airton Silva,WPerformance
Laécio Rodrigues,WPerformance
Igor Gonçalves,WPerformance
Iure Fé,WPerformance
Patrícia Endo,WPerformance
Francisco Airton Silva,WPerformance
Hudson Lopes,WPerformance
Ricardo Bruno de Oliveira,WPerformance
Flávio Rocha,WPerformance
Eduardo Ferreira Baroni,WPerformance
Gabriel Medina Braga,WPerformance
Natiele Lucca,WPerformance
Claudio Schepke,WPerformance
Carlos Brito,WPerformance
Laécio Rodrigues,WPerformance
Iure Fé,WPerformance
Guto Leoni,WPerformance
Francisco Airton Silva,WPerformance
Carlo Kleber da Silva Rodrigues,WPerformance
Vladimir Emiliano Moreira Rocha,WPerformance
Edvar Afonso L. Filho,WPerformance
Miguel Elias M. Campista,WPerformance
Emerson R. A. Barea,WPerformance
Cesar A. C. Marcondes,WPerformance
Hermes Senger,WPerformance
Diego F. Pedroso,WPerformance
Paulo F. C. Barbosa,WPerformance
Bruna A. da Silva,WPerformance
David Macedo,WPerformance
Cleber Zanchettin,WPerformance
Renato M. de Moraes,WPerformance
Felipe Assis,WPerformance
Mateus S. Nogueira,WPerformance
Daniel Menasch,WPerformance
João Ismael Pinheiro,WPerformance
Carla Delgado,WPerformance
Vandenberg B. da Paixão,WPerformance
Renato M. de Moraes,WPerformance
Matheus Martins,WPerformance
Miguel A. Bicudo,WPerformance
Daniel Menasch,WPerformance
Leandro P. de Aguiar,WPerformance
Daniel Menasch,WPerformance
Italo Cunha,WPerformance
Cabral Lima,WPerformance
Leandro P. de Aguiar,WPerformance
Brena Santos,WPerformance
Patricia Takako Endo,WPerformance
Francisco Airton Silva,WPerformance
Igor W. A. Falcão,WPerformance
Rafael F. Vieira,WPerformance
Marcos C. R. Seruffo,WPerformance
Diego L. Cardoso,WPerformance
Breno Machado,WPerformance
Alex B. Vieira,WPerformance
Italo Cunha,WPerformance
Artur Ziviani,WPerformance
Felipe V. de Almeida,WPerformance
Liria M. Sato,WPerformance
Edson Midorikawa,WPerformance
Tatiana T. Torres,WPerformance
Rafael G. Damasceno,WPerformance
Daniel Figueiredo,WPerformance
Leonardo Teteo,WPerformance
Pedro Moura,WPerformance
Elton F. de S. Soares,WPerformance
Carlos Alberto V. Campos,WPerformance
William B. Mingardi,WPerformance
Gustavo M. D. Vieira,WPerformance
Paulo Henrique Rocha,WPerformance
Francisco Airton Silva,WPerformance
Brena Santos,WPerformance
Daniel Carvalho,WPerformance
Iure Fé,WPerformance
Francisco Airton Silva,WPerformance
Alex B. Vieira,WPerformance
Edelberto Franco,WPerformance
Frederico O. Sales,WPerformance
Caio Flexa,WPerformance
Walisson Gomes,WPerformance
Sergio Viademonte,WPerformance
Filipe C. Fernandes,WPerformance
Rodrigo M. S. Oliveira,WPerformance
Anderson J. C. Sena,WPerformance
Ramon C. F. Araújo,WPerformance
Fabricio J. B. Brito,WPerformance
Felipe Oliveira,WPerformance
Luan Lins,WPerformance
André Barreto,WPerformance
Jean Araújo,WPerformance
João Barbosa,WPerformance
Isaac Barros,WPerformance
Wendel Serra,WPerformance
Warley Junior,WPerformance
João Carmona,WPerformance
Hugo Kuribayashi,WPerformance
Bruno Demattos Nogueira,WPerformance
Francisco Galuppo Azevedo,WPerformance
Fabricio Murai,WPerformance
Ana Paula Couto da Silva,WPerformance
Daniel R. F. Bonetti,WPerformance
Gesiel Rios Lopes,WPerformance
Alexandre C. B. Delbem,WPerformance
Paulo S. L. Souza,WPerformance
Kalinka Branco,WPerformance
Gonzalo Travieso,WPerformance
Diego Ximenes,WPerformance
Gabriel Mendonça,WPerformance
Gustavo H. A. Santos,WPerformance
Edmundo de Souza e Silva,WPerformance
Rosa M.M. Leão,WPerformance
Daniel Menasch,WPerformance
Victor Olimpio,WPerformance
André Nascimento,WPerformance
Aline Paes,WPerformance
Daniel de Oliveira,WPerformance
Fabricio E. Rodriguez Cesen,WPerformance
Christian Esteve Rothenberg,WPerformance
José de Paula Neves Neto,WPerformance
Daniel Ratton Figueiredo,WPerformance
Jhonatan T. Cabral Néry,WPerformance
Franciny Barreto,WPerformance
Joslaine C. Jeske de Freitas,WPerformance
Bruna A. da Silva,WPerformance
Renato M. de Moraes,WPerformance
Lourenço Alves Pereira Júnior,WPerformance
Regina H. Carlucci Sanatana,WPerformance
Marcos José Santana,WPerformance
Francisco José Monaco,WPerformance
Carlos A. T. Aguni,WPerformance
Daniel Cordeiro,WPerformance
Luiz Claudio Schara Magalhães,WPerformance
Diogo Menezes Ferrazani Mattos,WPerformance
Emanuel Coutinho,WPerformance
Danielo G. Gomes,WPerformance
Mauricio M. Neto,WPerformance
Leonardo Moreira,WPerformance
José Neuman de Souza,WPerformance
Caroline Maul de A. Lima,WPerformance
Eduardo A. da Silva,WPerformance
Pedro B. Velloso,WPerformance
Jasiel G. Bahia,WPerformance
Miguel Elias M. Campista,WPerformance
Lauri P. Laux Jr,WPerformance
Roberto A. Hexsel,WPerformance
Gustavo S. Carnivali,WPerformance
Alex B. Vieira,WPerformance
Paulo A. A. Esquef,WPerformance
Artur Ziviani,WPerformance
Juan Sebastian Mejia Vallejo,WPerformance
Daniel Lazkani Feferman,WPerformance
Christian Esteve Rothenberg,WPerformance
Roseli da R. Barbosa,WPerformance
Paulo A. L. Rego,WPerformance
Michel S. Bonfim,WPerformance
Arthur de C. Callado,WPerformance
Vinicius S. Conceição,WPerformance
Nestor D. O. Volpini,WPerformance
Dorgival Guedes,WPerformance
João Vitor B. Tavares,WPerformance
Giulio Iacobelli,WPerformance
Daniel Figueiredo,WPerformance
Nestor D. O. Volpini,WPerformance
Vinicius S. Conceição,WPerformance
Raphael L. Pontes,WPerformance
Dorgival Guedes,WPerformance
Douglas Siqueira,WPerformance
Paulo H. Rocha,WPerformance
Tomaz Bisneto,WPerformance
Paulo A. L. Rego,WPerformance
Francisco A. Silva,WPerformance
Rafael Zerbini Alves da Mata,WPerformance
Carlo Kleber da Silva Rodrigues,WPerformance
Daniel Menasch,WPerformance
Italo Cunha,WPerformance
Cabral Lima,WPerformance
Leandro P. de Aguiar,WPerformance
Francisco Galuppo Azevedo,WPerformance
Bruno Demattos Nogueira,WPerformance
Fabricio Murai,WPerformance
Ana Paula Couto da Silva,WPerformance
Eduardo H. Teixeira,WPerformance
Mateus Manuel,WPerformance
Renan Costa,WPerformance
Vinicius F. dos Santos,WPerformance
Edson L. Padoin,WPerformance
Philippe O. A. Navaux,WPerformance
Vinicius Garcia Pinto,WPerformance
Lucas Mello Schnorr,WPerformance
Arnaud Legrand,WPerformance
Samuel Thibault,WPerformance
Luka Stanisic,WPerformance
Vincent Danjean,WPerformance
Gabriel B. Moro,WPerformance
Lucas Mello Schnorr,WPerformance
Pablo José Pavan,WPerformance
Matheus da Silva Serpa,WPerformance
Víctor Martínez,WPerformance
Edson L. Padoin,WPerformance
Jairo Panetta,WPerformance
Philippe O. A. Navaux,WPerformance
Nicolas Silveira Kagami,WPerformance
Luciano Paschoal Gaspary,WPerformance
Joari S. L. Filho,WPerformance
Manuel G. da S. Neto,WPerformance
Paulo A. L. Rego,WPerformance
Danielo G. Gomes,WPerformance
Daniel de M. C. Christiani,WPerformance
Antônio Augusto de A. Rocha,WPerformance
Carlos A. V. Campos,WPerformance
Ricardo K. Lorenzoni,WPerformance
Matheus S. Serpa,WPerformance
Edson L. Padoin,WPerformance
Jairo Panetta,WPerformance
Philippe O. A. Navaux,WPerformance
Djalma A. Lima Filho,WPerformance
José A. Suruagy Monteiro,WPerformance
Michelle Cacais,WPerformance
Danielo G. Gomes,WPerformance
Paulo Armando C. Aguilar,WPerformance
Rossana M. C. Andrade,WPerformance
Igor Barreto Rodrigues,WPerformance
Daniel de Oliveira,WPerformance
Bruno Rogério S. dos Santos,WPerformance
Leonardo Rocha,WPerformance
Joaquim C. Júnior,WPerformance
Renan da S. Alves,WPerformance
Gabriel F. C. de Queiroz,WPerformance
Rodrigo de S. Couto,WPerformance
Alexandre Sztajnberg,WPerformance
Paulo J. S. Júnior,WPerformance
André C. Drummond,WPerformance
Raul G. M. de Freitas,WPerformance
Daniel Menasch,WPerformance
Carla Delgado,WPerformance
Artur Ziviani,WPerformance
Mariza Ferro,WPerformance
André Yokoyama,WPerformance
Vinicius Klõh,WPerformance
Gabrieli Silva,WPerformance
Rodrigo Gandra,WPerformance
Ricardo Bragança,WPerformance
Andre Bulcão,WPerformance
Bruno Schulze,WPerformance
Wellington Lobato Junior,WPerformance
Denis Rosário,WPerformance
Leandro A. Villas,WPerformance
Eduardo Cerqueira,WPerformance
Pedro Freitas,WPerformance
Victor Cardoso,WPerformance
Giulio Iacobelli,WPerformance
Daniel Figueiredo,WPerformance
Augusto Souza,WPerformance
Islene Garcia,WPerformance
Cristiano Politowski,WPerformance
Gabriel Freytag,WPerformance
Vinícius Maran,WPerformance
Lisandra Fontoura,WPerformance
Rodrigo da Rosa Righi,WPerformance
Mateus Aubin,WPerformance
Cristiano A. da Costa,WPerformance
Guilherme Galante,WPerformance
Marco Antônio Simões Teixeira,WPerformance
Alexandre Veloso de Matos,WPerformance
Mário Ezequiel Augusto,WPerformance
Andrei B. B. Torres,WPerformance
José Neuman de Souza,WPerformance
Saulo Ricci,WPerformance
Alex Borges,WPerformance
Helder Luiz,WPerformance
Daniel Menasch,WPerformance
Eduardo Ferreira,WPerformance
Carlos Gomes,WPerformance
Eduardo Tavares,WPerformance
Rodolfo R. Gomes,WPerformance
Cristina K. Dominicini,WPerformance
Moisés R. N. Ribeiro,WPerformance
Magnos Martinello,WPerformance
Mauricio M. Neto,WPerformance
Leonardo Moreira,WPerformance
Danielo G. Gomes,WPerformance
Caroline Aparecida de Paula Silva,CTIC
Cândida Nunes da Silva,CTIC
Orlando Lee,CTIC
Joselito Mota Júnior,CTIC
Ivan Machado,CTIC
Luisa Frickes,CTIC
Simone Dantas,CTIC
Atílio G. Luiz,CTIC
Matheus Henrique Junqueira Saldanha,CTIC
Adriano Kamimura Suzuki,CTIC
Luiz Felipe Chaves,CTIC
Nícollas Silva,CTIC
Leonardo Rocha,CTIC
Welton Augusto Rodrigues Santos,CTIC
Osvaldo Fonseca ,CTIC
Elverton Fazzion,CTIC
Larissa F. S. Britto,CTIC
Luciano D. S. Pacífico,CTIC
Teresa B. Ludermir,CTIC
Júlio César Resende,CTIC
Igor Moraes,CTIC
Leonardo Rocha,CTIC
Cleiton M. Marques,CTIC
Cristina Meinhardt,CTIC
Paulo F. Butzen,CTIC
Henrique José dos S. Ferreira Júnior ,CTIC
Daniel Ratton Figueiredo,CTIC
Eduardo Lima,SBCUP
Nagib Matni,SBCUP
Jean Moraes,SBCUP
Helder Oliveira,SBCUP
Denis Rosário,SBCUP
Eduardo Cerqueira,SBCUP
Rafael Pasquini,SBCUP
Rodrigo S. Miani,SBCUP
Paulo R. Coelho,SBCUP
Augusto V. Neto,SBCUP
Nicolás Hidalgo,SBCUP
Martín Gutiérrez,SBCUP
Erika Rosas,SBCUP
Javier Baliosian,SBCUP
Eduardo Grampín,SBCUP
Luis F. A. Román,SBCUP
Paulo R. L. Gondim,SBCUP
Ana P. G. Lopes,SBCUP
Valdenir Severino,SBCUP
Danilo Vasconcelos,SBCUP
Rossana Andrade,SBCUP
João Luiz Grave Gross,SBCUP
Cláudio Fernando Fernando Resin Geyer,SBCUP
Geam Pfeiff,SBCUP
Felipe Araújo,SBCUP
Helder Oliveira,SBCUP
Denis Rosário,SBCUP
Eduardo Cerqueira,SBCUP
Maurício Silva,SBCUP
Ricardo Oliveira,SBCUP
Andre Aquino,SBCUP
Carlos Storck,SBCUP
Efrem Lousada,SBCUP
Guilherme Silva,SBCUP
Fátima Duarte-Figueiredo,SBCUP
Raquel Mini,SBCUP
Gilmar Moraes,SBCUP
Denis Rosário,SBCUP
Eduardo Cerqueira,SBCUP
Helder Oliveira,SBCUP
Alexandre Costa,SBCUP
Flávia Delicato,SBCUP
Jose Souza,SBCUP
Fernando Oliveira,SBCUP
Mateus Delatorre,SBCUP
Heberth Reinstein,SBCUP
Raissa Souza,SBCUP
Leonardo Santos,SBCUP
Mateus Silva,SBCUP
Fabrício A. Silva,SBCUP
Thais Silva,SBCUP
Lucas Ribeiro,SBCUP
Windson Viana,SBCUP
Marcelo Trindade Rebonatto,SBCUP
Cássio Eckstein,SBCUP
Cintia Sonale Rebonatto,SBCUP
Evilasio Costa Junior,SBCUP
Rafael Gomes,SBCUP
Leonardo Rocha,SBCUP
Rossana Andrade,SBCUP
Tibério Rezende,SBCUP
Victor D'Ávila,SBCUP
Karine Costa,SBCUP
Antônio Alberti,SBCUP
Rhayane S. Monteiro,SBCUP
Mário W. L. Moreira,SBCUP
Glácio S. Araújo,SBCUP
Joel J. P. C. Rodrigues,SBCUP
Victor Hugo C. de Albuquerque,SBCUP
Alexandre Pereira do Carmo,SBCUP
Felippe Mendonça de Queiroz,SBCUP
Clebeson Canuto dos Santos,SBCUP
Leonardo de Assis Silva,SBCUP
Raquel Frizera Vassallo,SBCUP
Pedro Vinicius dos Santos Custodio,SBCUP
Felippe Mendonça de Queiroz,SBCUP
Douglas Almonfrey,SBCUP
Wagner Augusto Aranda Cotta,SBCUP
Alexandre Pereira do Carmo,SBCUP
Raquel Frizera Vassallo,SBCUP
Eduardo H. Teixeira,SBCUP
Samuel B. Mafra,SBCUP
Joel J. P. C. Rodrigues,SBCUP
Werner A. A. N. da Silveira,SBCUP
Vitor A.C. Figueiredo,SBCUP
Samuel B. Mafra,SBCUP
Joel J. P. C. Rodrigues,SBCUP
Luiz Carlos Silva de Araújo Filho,SBCUP
Carlos Maurício Seródio Figueiredo,SBCUP
Guilherme Andrade,CTIC
Leonardo Rocha,CTIC
Christian Reis Fagundes Gomes,CTIC
Leonardo Chaves Dutra da Rocha,CTIC
Felipe Augusto Resende Viegas,CTIC
Washington Luiz Miranda da Cunha,CTIC
Luciana Trento Raineri,CTIC
Rafael Silva Del Lama,CTIC
Raquel Mariana Candido,CTIC
Ariadne Costa,CTIC
Renato Tinos,CTIC
Matheus Henrique Junqueira Saldanha,CTIC
Paulo Sérgio Lopes de Souza,CTIC
Tiago Trotta,CTIC
Diego Carvalho,CTIC
Nícollas Silva,CTIC
Leonardo Rocha,CTIC
Matheus Macedo Leonardo,CTIC
Fabio Augusto Faria,CTIC
Israel Vasconcelos,CTIC
Andre Aquino,CTIC
Wallace Manzano,CTIC
Valdemar Neto,CTIC
Elisa Yumi Nakagawa,CTIC
Lucas Rigo Yoshimura,CTIC
Maycon Sambinelli,CTIC
Cândida Nunes da Silva,CTIC
Orlando Lee,CTIC
Aluizio Rocha,SBCUP
Arthur Souza,SBCUP
Dannylo Johnathan,SBCUP
Rafael Queiroz,SBCUP
Mário Melo,SBCUP
Nabson Silva,SBCUP
Juan Colonna,SBCUP
Marco Cristo,SBCUP
João Tavares,SBCUP
Bruno Mota,SBCUP
Jorge Barbosa,SBCUP
Adenauer C. Yamin,SBCUP
Rodrigo Real,SBCUP
Jorge Aranda,SBCUP
Lucas Dias,SBCUP
Juliano Carvalho,SBCUP
Adenauer C. Yamin,SBCUP
Mauricio Tavares,SBCUP
Jorge Barbosa,SBCUP
Rodrigo Bavaresco,SBCUP
Jorge Barbosa,SBCUP
Wilson Neto,SBCUP
Carlos Figueiredo,SBCUP
Wilson Neto,SBCUP
Lahis Almeida,SBCUP
Carlos Figueiredo,SBCUP
Francisco da Ponte,SBCUP
Gabriel Galdino,SBCUP
Alexandre Rocha,SBCUP
Denis Rosário,SBCUP
Joaquim Celestino Jr,SBCUP
Rafael Gomes,SBCUP
Jorge Barbosa,SBCUP
Efrem Lousada,SBCUP
Carlos Storck,SBCUP
Raquel Mini,SBCUP
Fátima Duarte-Figueiredo,SBCUP
Gilson Helfer,SBCUP
Bruno Martini,SBCUP
Ronaldo Santos,SBCUP
Adilson Costa,SBCUP
Jorge Barbosa,SBCUP
Eliseu Germano,SBCUP
Bruno Silvestre,SBCUP
Sergio Carvalho,SBCUP
Renato Mota,SBCUP
André Riker,SBCUP
Denis Rosário,SBCUP
Hyuri Maciel,SBCUP
Andre Aquino,SBCUP
Arthur Melo,SBCUP
Hugo Souza,SBCUP
Andre Aquino,SBCUP
Alice Menezes,SBCUP
Carlos Figueiredo,SBCUP
Givanildo Júnior,SBCUP
Cristopher Freitas,SBCUP
Osvaldo A. Rosso,SBCUP
Andre Aquino,SBCUP
Luis Silva,SBCUP
Valderi Leithardt,SBCUP
Wemerson Parreira,SBCUP
Cláudio Geyer,SBCUP
Halysson Júnior,SBCUP
Artur Veloso,SBCUP
José Sobral,SBCUP
Ricardo Rabêlo,SBCUP
Joel Rodrigues,SBCUP
Antônio Rodrigues,SBCUP
Augusto B. Corrêa,CTIC
André G. Pereira,CTIC
Marcus Ritt,CTIC
Bernardo Augusto Godinho de Oliveira,CTIC
Flávia M. F. Ferreira,CTIC
Carlos Augusto Martins,CTIC
Ygor Rebouças Serpa,CTIC
Maria Andréia Formico Rodrigues,CTIC
Christian Gomes,CTIC
Leonardo Rocha,CTIC
Diego Carvalho,CTIC
Nícollas Silva,CTIC
Leonardo Rocha,CTIC
Guilherme Andrade,CTIC
Leonardo Rocha,CTIC
Luiz R. F. Sekijima,CTIC
Tiago P. C. de Andrade,CTIC
Nelson L. S. da Fonseca,CTIC
Felipe Lisboa,CTIC
Keiko V. O. Fonseca,CTIC
Juliana de Santi,CTIC
Francisco Lucas F. Pereira,CTIC
Fernando Dione S. Lima,CTIC
Lucas G. M. Leite,CTIC
João P. P. Gomes,CTIC
Charles M. P. Almeida,SBCUP
Andre L. L. Aquino,SBCUP
Lindemberg Nascimento,SBCUP
Renato Alves,SBCUP
Daniel Victor Saraiva,SBCUP
Reinaldo B. Braga,SBCUP
Carina Oliveira,SBCUP
Marcos Carrero,SBCUP
Katriny Zamproni,SBCUP
Martin A. Musicante,SBCUP
Aldri Santos,SBCUP
Carmem Hara,SBCUP
Cristopher Freitas,SBCUP
Heitor S. Ramos,SBCUP
Raquel S. Cabral,SBCUP
Osvaldo A. Rosso,SBCUP
Andre L. L. Aquino,SBCUP
Tiago C. de S. Xavier,SBCUP
Claudio L. Amorim,SBCUP
Flavia C. Delicato,SBCUP
Uélison Jean L. Santos,SBCUP
Rodrigo da Rosa Righi,SBCUP
Cristiano A. da Costa,SBCUP
Diórgenes Y. L. da Rosa,SBCUP
Roger Machado,SBCUP
Ricardo Almeida,SBCUP
Adenauer C. Yamin,SBCUP
Ana Marilza Pernas,SBCUP
César Perdigão Batista,SBCUP
Pedro Victor Silva,SBCUP
Thais Batista,SBCUP
Everton Cavalcante,SBCUP
Renato Dilli,SBCUP
Amanda Argou,SBCUP
Ana M. Pernas,SBCUP
Renata Reiser,SBCUP
Adenauer C. Yamin,SBCUP
Roger Machado,SBCUP
Ricardo Almeida,SBCUP
João Ladislau Lopes,SBCUP
Ana Marilza Pernas,SBCUP
Adenauer C. Yamin,SBCUP
Anderson P. N. Silva,SBCUP
João C. Xavier-Júnior,SBCUP
Tales P. Nogueira,SBCUP
Marcio E. F. Maia,SBCUP
Rossana M. C. Andrade,SBCUP
Eduardo Abreu,SBCUP
Gerson Cavalheiro,SBCUP
Ana M. Pernas,SBCUP
Adenauer C. Yamin,SBCUP
João Lopes,SBCUP
Cláudio Geyer,SBCUP
Thiago Roberto Lima Lopes,SBCUP
Rodrigo da Rosa Righi,SBCUP
Lucas Pfeiffer Salomão Dias,SBCUP
Cristiano A. da Costa,SBCUP
Pedro H. Barros,SBCUP
Eliana Almeida,SBCUP
Andre L. L. Aquino,SBCUP
Michelle Cacais,SBCUP
Leonardo Moreira,SBCUP
Weslley L. Caldas,SBCUP
Danielo G. Gomes,SBCUP
David Coelho dos Santos,SBCUP
João Carlos Xavier Júnior,SBCUP
Willian Almeida Rodrigues,SBCUP
Cecília Costa,SBCUP
Vitor Cortez,SBCUP
Ricardo Andrade,SBCUP
Fernando Trinta,SBCUP
Windson Viana,SBCUP
Victoria P. S. Aires,CTIC
Fabiola G. Nakamura,CTIC
Rebecca Salles,CTIC
Patricia Mattos,CTIC
Eduardo Bezerra,CTIC
Leonardo Lima,CTIC
Eduardo Ogasawara,CTIC
Lucas Pascotti Valem,CTIC
Daniel Carlos Guimarães Pedronette,CTIC
Arthur Souza,CTIC
Italo Cunha,CTIC
Leonardo B. Oliveira,CTIC
Thais G. Almeida,CTIC
Fabiola G. Nakamura,CTIC
Eduardo F. Nakamura,CTIC
Elder Rodrigues Jr.,CTIC
Ricardo Terra,CTIC
Luiz Cancellier,CTIC
Ismael Seidel,CTIC
José Luís A. Güntzel,CTIC
Waldomiro J. G. Seabra,CTIC
Juan Colonna,CTIC
Eduardo F. Nakamura,CTIC
Bernardo Stearns,CTIC
Fabio Rangel,CTIC
Fabrício Firmino,CTIC
Fabio Rangel,CTIC
Jonice Oliveira,CTIC
Waldomiro J. G. Seabra,SBCUP
Juan Colonna,SBCUP
Eduardo F. Nakamura,SBCUP
Adenauer Correa Yamin,SBCUP
Lisane B. Brisolara,SBCUP
Lucas M. S. Xavier,SBCUP
Adenauer C. Yamin,SBCUP
Ana M. Pernas,SBCUP
Gerson G. H. Cavalheiro,SBCUP
Douglas Scheunemann,SBCUP
Adenauer C. Yamin,SBCUP
Renata Reiser,SBCUP
João Lopes,SBCUP
Cláudio Geyer,SBCUP
Allan F. F. Amaral,SBCUP
Matheus O. Jagi,SBCUP
José Gonçalves Pereira Filho,SBCUP
Silvana Rossetto,SBCUP
João L. R. Moreira,SBCUP
César D. Silva,SBCUP
Karin Komati,SBCUP
Daniel R. Trindade,SBCUP
Antonio Rafael Braga,SBCUP
Felipe Anderson O. Maciel,SBCUP
Rodrigo L. A. Almeida,SBCUP
Paulo A. C. Aguilar,SBCUP
Danielo G. Gomes,SBCUP
Rossana M. C. Andrade,SBCUP
Emmanuel C. A. de Melo,SBCUP
Marcio E. F. Maia,SBCUP
Paulo A. L. Rego,SBCUP
Francisco H. C. S. Filho,SBCUP
Rossana M. C. Andrade,SBCUP
Douglas L. L. Moura,SBCUP
Raquel S. Cabral,SBCUP
Thiago B. M. Sales,SBCUP
Andre L. L. Aquino,SBCUP
Jorge Pereira,SBCUP
Thais Batista,SBCUP
Flavia C. Delicato,SBCUP
Paulo F. Pires,SBCUP
Samuel Francisco Ferrigo,SBCUP
Cristiano A. da Costa,SBCUP
Rodrigo da Rosa Righi,SBCUP
Ivan Zyrianoff,SBCUP
Fabrizio Borelli,SBCUP
Alexandre Heideker,SBCUP
Gabriela Biondi,SBCUP
Carlos Kamienski,SBCUP
Alex Vidigal Bastos,SBCUP
Cristiano M. Silva,SBCUP
Diógenes Cecílio da Silva Júnior,SBCUP
Felipe Morine Magami,SBCUP
José J. Pérez-Álcazar,SBCUP
Fábio Nakano,SBCUP
Andre L. M. Silva,SBCUP
João S. de Oliveira Neto,SBCUP
Sergio T. Kofuji,SBCUP
Renato Dilli,SBCUP
Huberto Filho,SBCUP
Maurício de Azevedo,SBCUP
Gerson Cavalheiro,SBCUP
Ana Marilza Pernas,SBCUP
Adenauer C. Yamin,SBCUP
Alexsander V. Canez,SBCUP
Gisele M. Simas,SBCUP
Henrique de S. Conceição,SBCUP
Igor P. Maurell,SBCUP
Jônatas D. Fraga,SBCUP
Mariana P. Fernandes,SBCUP
Marlon R. C. Franco,SBCUP
Matheus C. Corrêa,SBCUP
Regina Barwaldt,SBCUP
Ricardo N. Rodrigues,SBCUP
Andrei B. B. Torres,SBCUP
José Adriano Filho,SBCUP
Rubens Sonsol Gondim,SBCUP
José Neuman de Souza,SBCUP
Hélio Carlos Brauner Filho,SBCUP
Claudio Fernando Resin Geyer,SBCUP
Tiago Royer,CTIC
Jerusa Marchi,CTIC
Ramon Vieira,CTIC
Alan Neves,CTIC
Fernando Mourão,CTIC
Leonardo Rocha,CTIC
Matheus Costa Stutzel,CTIC
Alexandre Sztajnberg,CTIC
Victória Aires,CTIC
Rosiane Freitas,CTIC
Nicole C. Davila,CTIC
Adriana N. dos Reis,CTIC
Paulo V. M. Cardoso,CTIC
Flavio F. Franzin,CTIC
Sergio L. S. Mergen,CTIC
Leonardo Perdomo,CTIC
Mozart Lemos de Siqueira,CTIC
Nícollas Silva,CTIC
Leonardo Rocha,CTIC
Fernando Mourão,CTIC
Sávyo Toledo,CTIC
Danilo Melo,CTIC
Guilherme Andrade,CTIC
Fernando Mourão,CTIC
Leonardo Rocha,CTIC
Sávyo Toledo,CTIC
Danilo Melo,CTIC
Guilherme Andrade,CTIC
Fernando Mourão,CTIC
Leonardo Rocha,CTIC
Eduardo Gomes,SBCUP
Natália Melgaço Pereira Torres,SBCUP
Izabela Mocaiber,SBCUP
Danilo Artigas,SBCUP
Alessandro Arpetti,SBCUP
Thales T. Almeida,SBCUP
Lucas Brangança,SBCUP
Rafael Antônio,SBCUP
Francisco Lima,SBCUP
Marcos A. M. Vieira,SBCUP
Jose G. R. Júnior,SBCUP
Luiz F. M. Vieira,SBCUP
José A. M. Nacif,SBCUP
Alexandra da Silva Pereira,SBCUP
Thais R. M. B. Silva,SBCUP
Fabrício A. Silva,SBCUP
Antonio A. F. Loureiro,SBCUP
Alberto Vianna Dias da Silva,SBCUP
Vaninha Vieira,SBCUP
Charles T. B. Garrocho,SBCUP
Maurício J. da Silva,SBCUP
Ricardo A. R. Oliveira,SBCUP
Elidiane P. dos Santos,SBCUP
Flávia S. Nascimento,SBCUP
Vaninha Vieira,SBCUP
Carlos Alvaro M. S. Quintella,SBCUP
Carlos Alberto V. Campos,SBCUP
Leila C. V. Andrade,SBCUP
Pedro E. Santos,SBCUP
Ilo A. S. Rivero,SBCUP
Raquel A. F. Mini,SBCUP
Thiago Montenegro Uchôa,SBCUP
Heitor S. Ramos,SBCUP
Stênio Flávio de Lacerda Fernandes,SBCUP
Roger Machado,SBCUP
Ricardo Almeida,SBCUP
Diórgenes da Rosa,SBCUP
João Lopes,SBCUP
Ana M. Pernas,SBCUP
Adenauer C. Yamin,SBCUP
João Paulo Cardoso de Lima,SBCUP
Leandro Buss Becker,SBCUP
Frank Siqueira,SBCUP
Analucia Schaffino Morales,SBCUP
Gustavo Medeiros de Araújo,SBCUP
Efrem E. O. Lousada,SBCUP
Raquel A. F. Mini,SBCUP
Davi Monteiro Barbosa,SBCUP
Paulo Henrique Mendes Maia,SBCUP
Evilasio Costa Junior,SBCUP
Marcos Alves Vieira,SBCUP
Sergio Carvalho,SBCUP
Sérgio de Oliveira,SBCUP
Pedro Mitsuo Shiroma,SBCUP
Marconi de Arruda Pereira,SBCUP
Rone Ilídio da Silva,SBCUP
Cristiano Maciel da Silva,SBCUP
Eudes S. Andrade,SBCUP
Gabriel F. Sousa,SBCUP
Sandro S. Andrade,SBCUP
Cristiano M. Silva,SBCUP
Cristiano G. Pitangui,SBCUP
Alex V. Bastos,SBCUP
Rone I. Silva,SBCUP
Fabrício A. Silva,SBCUP
João C. Xavier-Júnior,SBCUP
Ronan D. Mendonça,SBCUP
Thais R. M. B. Silva,SBCUP
Fabrício A. Silva,SBCUP
Hyuri Maciel,SBCUP
David F. Silva,SBCUP
Clóvis G. M. do Nascimento,SBCUP
Andre L. L. Aquino,SBCUP
Lucas Agostini,SBCUP
Alex Braga,SBCUP
Julio Machado,SBCUP
Alysson Nogueira,SBCUP
Tatiana Tavares,SBCUP
Adenauer C. Yamin,SBCUP
Valderi R. Q. Leithardt,SBCUP
Carlos O. Rolim,SBCUP
Guilherme A. Borges,SBCUP
Jorge Sá Silva,SBCUP
Claudio F. R. Geyer,SBCUP
Carlos O. Rolim,SBCUP
Valderi R. Q. Leithardt,SBCUP
Guilherme A. Borges,SBCUP
Tatiana F. M. dos Santos,SBCUP
Adriano M. Souza,SBCUP
Claudio F. R. Geyer,SBCUP
Lucas Closs,SBCUP
Cristiano A. da Costa,SBCUP
Rodrigo da Rosa Righi,SBCUP
Fabio de Oliveira Dias,SBCUP
Cristiano A. da Costa,SBCUP
Rodrigo da Rosa Righi,SBCUP
Guilherme Wunsch,SBCUP
Cristiano A. da Costa,SBCUP
Rodrigo da Rosa Righi,SBCUP
Ernesto Fonseca Veiga,SBCUP
Renato de Freitas Bulcão Neto,SBCUP
Ricardo Borges Almeida,SBCUP
Roger da Silva Machado,SBCUP
Diórgenes Y. L. da Rosa,SBCUP
Lucas Medeiros Donato,SBCUP
Adenauer Correa Yamin,SBCUP
Ana Marilza Pernas,SBCUP
Rodrigo Souza,SBCUP
João Lopes,SBCUP
Anderson Cardoso,SBCUP
Tainã Carvalho,SBCUP
Patrícia Davet,SBCUP
Alexandre Wolf,SBCUP
Adenauer C. Yamin,SBCUP
Jorge Barbosa,SBCUP
Cláudio Geyer,SBCUP
Lucas M. S. Xavier,SBCUP
Huberto Kaiser Filho,SBCUP
Patrícia Davet,SBCUP
Adenauer C. Yamin,SBCUP
Marcelo da Silva dos Santos,SBCUP
Cristiano A. da Costa,SBCUP
Jorge Luis Victoria Barbosa,SBCUP
