Autor1,Gênero_Autor1,Autor2,Gênero_Autor2,Peso
Acacia Terra,Mulher,Braulio Mello,Homem,1
Acacia Terra,Mulher,Edimar Roque Martello Junior,Homem,1
Acacia Terra,Mulher,Ricardo Parizotto,Homem,1
Adenauer Correa Yamin,Homem,Alexandre Renato Rodrigues de Souza,Homem,1
Adenauer Correa Yamin,Homem,Bruno Mota,Homem,1
Adenauer Correa Yamin,Homem,Cláudio Machado Diniz,Homem,1
Adenauer Correa Yamin,Homem,Eduardo Maroñas Monks,Homem,1
Adenauer Correa Yamin,Homem,Fabrício Neitzke Ferreira,Homem,1
Adenauer Correa Yamin,Homem,Guilherme Bayer Scheneider,Homem,1
Adenauer Correa Yamin,Homem,Helida Santos,Mulher,1
Adenauer Correa Yamin,Homem,Leonardo Costa Reichow,Homem,1
Adenauer Correa Yamin,Homem,Mateus Parker Porto,Homem,1
Adenauer Correa Yamin,Homem,Renata Hax Sander Reiser,Mulher,2
Adenauer Correa Yamin,Homem,Rodrigo Blanke Lambrecht,Homem,1
Adenauer Yamin,Homem,Alexandra Zimpeck,Mulher,1
Adenauer Yamin,Homem,Alexandre Souza,Homem,1
Adenauer Yamin,Homem,Ana Marilza Pernas,Mulher,3
Adenauer Yamin,Homem,Ana Pernas,Mulher,1
Adenauer Yamin,Homem,Cleber S. Peter,Homem,1
Adenauer Yamin,Homem,Felipe Haertel,Homem,1
Adenauer Yamin,Homem,Felipe Marques,Homem,1
Adenauer Yamin,Homem,Franklin Barcellos,Homem,1
Adenauer Yamin,Homem,Jorge Barbosa,Homem,2
Adenauer Yamin,Homem,João Lopes,Homem,2
Adenauer Yamin,Homem,Leandro Camargo,Homem,3
Adenauer Yamin,Homem,Lucas Penning,Homem,1
Adenauer Yamin,Homem,Patrick Fernandes,Homem,1
Adenauer Yamin,Homem,Renata Reiser,Mulher,1
Adenauer Yamin,Homem,Renato Dilli,Homem,1
Adenauer Yamin,Homem,Rodrigo Lambrecht,Homem,1
Adenauer Yamin,Homem,Roger Machado,Homem,2
Adenauer Yamin,Homem,Rogério Albandes,Homem,3
Adiel de Almeida Filho,Homem,Diogo Lima Silva,Homem,1
Adiel de Almeida Filho,Homem,Julio Cezar Silva,Homem,1
Adriano Fiorese,Homem,Kauã B. Hopfer,Homem,1
Adrisson Rodrigues,Homem,João Marcos Cavalcanti,Homem,1
Adrisson Rodrigues,Homem,Marcela Pessoa,Mulher,1
Adrisson Rodrigues,Homem,Robson Melo,Homem,1
Adrisson Rodrigues,Homem,Sergio Cleger,Homem,1
Alan Fernandes,Homem,Bruna Soares,Mulher,1
Alan Fernandes,Homem,Bruno Matias,Homem,1
Alan Fernandes,Homem,Everton Cavalcante,Homem,2
Alan Fernandes,Homem,Felipe Rocha,Homem,2
Alan Fernandes,Homem,José Gameleira Neto,Homem,1
Alan Fernandes,Homem,Luís Felipe Santos,Homem,1
Alan Fernandes,Homem,Oswaldo de Oliveira,Homem,1
Alan Fernandes,Homem,Sâmela Ferreira,Mulher,1
Alan Fernandes,Homem,Thais Batista,Mulher,2
Alan Salvany Felinto,Homem,Rafael Lucien Bahr Arias,Homem,1
Alana V. B. S. Neo,Mulher,Arthur C. Correia,Homem,1
Alana V. B. S. Neo,Mulher,Evandro C. Barros,Homem,1
Alana V. B. S. Neo,Mulher,Giseldo S. Neo,Homem,1
Alana V. B. S. Neo,Mulher,Wanderson R. M. Rodrigues,Homem,1
Alberto H. F. Laender,Homem,João M. M. C. Cota,Homem,1
Alberto H. F. Laender,Homem,Raquel O. Prates,Mulher,1
Alejandro Pereira,Homem,Carlos Santos,Homem,1
Alejandro Pereira,Homem,Daniel Welfer,Homem,1
Alejandro Pereira,Homem,Marcelo Dias,Homem,1
Alejandro Pereira,Homem,Marcelo Ribeiro,Homem,1
Alejandro Pereira,Homem,Marilton Aguiar,Homem,1
Alexandra Zimpeck,Mulher,Cleber S. Peter,Homem,1
Alexandra Zimpeck,Mulher,Felipe Marques,Homem,1
Alexandra Zimpeck,Mulher,Jorge Barbosa,Homem,1
Alexandra Zimpeck,Mulher,Lucas Penning,Homem,1
Alexandre Neves Louzada,Homem,Flávia Maria Santoro,Mulher,1
Alexandre Neves Louzada,Homem,Jonice Oliveira,Mulher,1
Alexandre Neves Louzada,Homem,Luiz Paulo Carvalho,Homem,1
Alexandre Neves Louzada,Homem,Michele A. Brandão,Mulher,1
Alexandre Neves Louzada,Homem,Thais Batista,Mulher,1
Alexandre Renato Rodrigues de Souza,Homem,Fabrício Neitzke Ferreira,Homem,1
Alexandre Renato Rodrigues de Souza,Homem,Leonardo Costa Reichow,Homem,1
Alexandre Renato Rodrigues de Souza,Homem,Renata Hax Sander Reiser,Mulher,1
Alexandre Renato Rodrigues de Souza,Homem,Rodrigo Blanke Lambrecht,Homem,1
Alexandre Souza,Homem,Franklin Barcellos,Homem,1
Alexandre Souza,Homem,Rodrigo Lambrecht,Homem,1
Alexandre Souza,Homem,Rogério Albandes,Homem,1
Alison Vinicius,Homem,Eduardo Tavares,Homem,1
Alison Vinicius,Homem,Gustavo Callou,Homem,1
Alison Vinicius,Homem,Thiago Valentim,Homem,1
Alison da Silva,Homem,Gustavo Callou,Homem,1
Alison da Silva,Homem,Jamilson Dantas,Homem,1
Alison da Silva,Homem,Thiago Valentim,Homem,1
Aluizio Haendchen Filho,Homem,Anita Fernandes,Mulher,1
Aluizio Haendchen Filho,Homem,Jonathan Nau,Homem,1
Aluizio Haendchen Filho,Homem,Rudimar Luís Scaranto Dazzi,Homem,1
Aluízio Rocha Neto,Homem,André Solino,Homem,1
Aluízio Rocha Neto,Homem,Everton Cavalcante,Homem,1
Aluízio Rocha Neto,Homem,Jorge Pereira,Homem,1
Aluízio Rocha Neto,Homem,João Victor Lopes,Homem,1
Aluízio Rocha Neto,Homem,Thais Batista,Mulher,1
Ana Beatriz Alvarez,Mulher,Eder Silva dos Santos Júnior,Homem,1
Ana Beatriz Alvarez,Mulher,Roger Fredy Larico Chavez,Homem,1
Ana Beatriz Alvarez,Mulher,Salomão Machado Mafalda,Homem,1
Ana Marilza Pernas,Mulher,João Lopes,Homem,1
Ana Marilza Pernas,Mulher,Leandro Camargo,Homem,2
Ana Marilza Pernas,Mulher,Roger Machado,Homem,1
Ana Marilza Pernas,Mulher,Rogério Albandes,Homem,1
Ana Pernas,Mulher,Felipe Haertel,Homem,1
Ana Pernas,Mulher,Jorge Barbosa,Homem,1
Ana Pernas,Mulher,João Lopes,Homem,1
Ana Pernas,Mulher,Leandro Camargo,Homem,1
Anderson F. B. F. da Costa,Homem,Ruan Delgado Gomes,Homem,1
Anderson F. B. F. da Costa,Homem,Zenildo Cézar,Homem,1
Anderson Y. Iwasaki,Homem,Elisa Yumi Nakagawa,Mulher,1
Anderson Y. Iwasaki,Homem,João Paulo K. S. Nunes,Homem,1
Anderson Y. Iwasaki,Homem,Thiago Bianchi,Homem,1
Andreia Gentil Bonfante,Mulher,Claudia Aparecida Martins,Mulher,1
Andreia Gentil Bonfante,Mulher,Henrique Camacho Farias,Homem,1
André Ferraz,Homem,Carlos Ferraz,Homem,1
André Luiz de O. Cezário,Homem,Dayvson Sales,Homem,1
André Luiz de O. Cezário,Homem,Fábio J. Coutinho,Homem,1
André Luiz de O. Cezário,Homem,John Davi D. C. Pires,Homem,1
André Luiz de O. Cezário,Homem,Rebeca de Jesus Brandão,Mulher,1
André Luiz de O. Cezário,Homem,Samuel Lucas V. L. Barbosa,Homem,1
André Luiz de O. Cezário,Homem,Victor Accete,Homem,1
André Luiz de O. Cezário,Homem,Wagner Fontes,Homem,1
André Oliveira,Homem,Fernanda Campos,Mulher,1
André Oliveira,Homem,Lucas Bressan,Homem,1
André Oliveira,Homem,Regina Braga,Mulher,1
André Pinheiro,Homem,Cleidson Souza,Homem,1
André Pinheiro,Homem,Fernando Figueira Filho,Homem,1
André Pinheiro,Homem,Leandro de Almeida Melo,Homem,1
André Pinheiro,Homem,Nelson Tenório Jr.,Homem,1
André Solino,Homem,Everton Cavalcante,Homem,1
André Solino,Homem,Jorge Pereira,Homem,1
André Solino,Homem,João Victor Lopes,Homem,1
André Solino,Homem,Thais Batista,Mulher,1
Andréia Antloga,Mulher,Denis Rosário,Homem,1
Andréia Antloga,Mulher,Eduardo Cerqueira,Homem,1
Andréia Antloga,Mulher,Elen Lobato,Mulher,1
Andréia Antloga,Mulher,Jean Moraes,Homem,1
Andréia Antloga,Mulher,Maria Tostes,Mulher,1
Andréia Antloga,Mulher,Ubiratan Bezerra,Homem,1
Anita Fernandes,Mulher,Jonathan Nau,Homem,1
Anita Fernandes,Mulher,Rudimar Luís Scaranto Dazzi,Homem,1
Antonilson Alcantara,Homem,Cleidson Souza,Homem,1
Antonilson Alcantara,Homem,Emanuel Rodrigues,Homem,1
Antonilson Alcantara,Homem,Filipe Coelho,Homem,1
Antonio Brasil,Homem,Jefferson Andrade,Homem,1
Antonio Brasil,Homem,Karin Komati,Mulher,1
Antonio Brasil,Homem,Luiz Pinto,Homem,1
Antonio C. Oliveira Jr,Homem,Daniel S. Souza,Homem,1
Antonio C. Oliveira Jr,Homem,Diego L. Cardoso,Homem,1
Antonio C. Oliveira Jr,Homem,Igor W. A. Falcão,Homem,1
Antonio C. Oliveira Jr,Homem,Marcos C. R. Seruffo,Homem,1
Antonio C. Oliveira Jr,Homem,Paulo H. A. Pereira,Homem,1
Antonio C. Oliveira Jr,Homem,Rafael F. Vieira,Homem,1
Antonio L. Amadeu,Homem,Eduardo M. Pereira,Homem,1
Antonio L. Amadeu,Homem,Fernando Vinturin,Homem,1
Antonio L. Amadeu,Homem,Guilherme A. Zimeo Morais,Homem,1
Antonio L. Amadeu,Homem,Maickel Hubner,Homem,1
Antonio L. Amadeu,Homem,Marcelo Santos,Homem,1
Antônio Pereira,Homem,Luiz C. Ferreira,Homem,1
Antônio Pereira,Homem,Marcelino S. da Silva,Homem,1
Antônio Pereira,Homem,Rodrigo Dutra,Homem,1
Antônio Pereira,Homem,Vitor Hugo M. Gomes,Homem,1
Antônio Pereira,Homem,Weverson Nascimento,Homem,1
Arilo C. Dias-Neto,Homem,Daniel Fernandes,Homem,1
Arilo C. Dias-Neto,Homem,Kaio Wagner,Homem,1
Arnaldo V. Barros da Silva,Homem,Luis F. Alves Pereira,Homem,1
Aron Miranda Henrique-Alves,Homem,Helton Maia,Homem,1
Aron Miranda Henrique-Alves,Homem,John Victor Alves Luiz,Homem,1
Aron Miranda Henrique-Alves,Homem,Richardson Santiago Teles de Menezes,Homem,1
Aron Miranda Henrique-Alves,Homem,Rossana Moreno Santa Cruz,Mulher,1
Arthur Artoni,Homem,Bruno Oliveira,Homem,1
Arthur C. Correia,Homem,Evandro C. Barros,Homem,1
Arthur C. Correia,Homem,Giseldo S. Neo,Homem,1
Arthur C. Correia,Homem,Wanderson R. M. Rodrigues,Homem,1
Beatriz A. Rodrigues,Mulher,Eduardo F. Nakamura,Homem,1
Beatriz A. Rodrigues,Mulher,Fabiola F. Nakamura,Mulher,1
Beatriz M. A. Matsui,Mulher,Denise Goya,Mulher,1
Beatriz M. A. Matsui,Mulher,Sara B. O. G. Carturan,Mulher,1
Bianca M. Lopes,Mulher,Júlio C. S. Mendes,Homem,1
Bianca M. Lopes,Mulher,Karina M. Johansson,Mulher,1
Bianca M. Lopes,Mulher,Livy Real,Mulher,1
Bianca M. Lopes,Mulher,Márcio T. I. Oshiro,Homem,1
Braulio Adriano de Mello,Homem,Ricardo Parizotto,Homem,1
Braulio Mello,Homem,Edimar Roque Martello Junior,Homem,1
Braulio Mello,Homem,Ricardo Parizotto,Homem,2
Brendo Cavalcante,Homem,Bruno Gadelha,Homem,1
Brendo Cavalcante,Homem,João Gustavo Kienen,Homem,1
Brendo Cavalcante,Homem,Julia Luiza da Conceição,Mulher,1
Brendo Cavalcante,Homem,Rosiane Freitas,Mulher,1
Brendo Cavalcante,Homem,Sérgio Anders,Homem,1
Bruna M. Dalmoro,Mulher,Soraia R. Musse,Mulher,1
Bruna Soares,Mulher,Bruno Matias,Homem,1
Bruna Soares,Mulher,Everton Cavalcante,Homem,1
Bruna Soares,Mulher,Felipe Rocha,Homem,1
Bruna Soares,Mulher,Oswaldo de Oliveira,Homem,1
Bruna Soares,Mulher,Sâmela Ferreira,Mulher,1
Bruna Soares,Mulher,Thais Batista,Mulher,1
Bruno Gadelha,Homem,João Gustavo Kienen,Homem,1
Bruno Gadelha,Homem,Julia Luiza da Conceição,Mulher,1
Bruno Gadelha,Homem,Rosiane Freitas,Mulher,1
Bruno Gadelha,Homem,Sérgio Anders,Homem,1
Bruno Matias,Homem,Everton Cavalcante,Homem,1
Bruno Matias,Homem,Felipe Rocha,Homem,1
Bruno Matias,Homem,Oswaldo de Oliveira,Homem,1
Bruno Matias,Homem,Sâmela Ferreira,Mulher,1
Bruno Matias,Homem,Thais Batista,Mulher,1
Bruno Mota,Homem,Eduardo Maroñas Monks,Homem,1
Bruno Mota,Homem,Guilherme Bayer Scheneider,Homem,1
Bruno Mota,Homem,Helida Santos,Mulher,1
Bruno Mota,Homem,Renata Hax Sander Reiser,Mulher,1
Bruno N. M. S. Conte,Homem,Roberto C. L. de Oliveira,Homem,1
Bruno N. M. S. Conte,Homem,Thiago N.M. S. Conte,Homem,1
Bruno Oliveira,Homem,Felipe A. Ferreira,Homem,1
Bruno Oliveira,Homem,Hélio Lopes,Homem,1
Bruno Oliveira,Homem,Rodrigo V. Kassick,Homem,1
Bruno Oliveira,Homem,Vinícius Furlan,Homem,1
Bruno Zatt,Homem,Daniel M. Palomino,Homem,1
Bruno Zatt,Homem,Garibaldi da Silveira Junior,Homem,1
Bruno Zatt,Homem,Gilberto Kreisler,Homem,1
Bruno Zatt,Homem,Guilherme Correa,Homem,1
Camila Gusmão,Mulher,Karla Figueiredo,Mulher,1
Camila Gusmão,Mulher,Walkir A. T. Brito,Homem,1
Carla Sanches Nere dos Santos,Mulher,Igor Muzetti Pereira,Homem,1
Carla Sanches Nere dos Santos,Mulher,Vicente José Peixoto de Amorim,Homem,1
Carla Verônica Marques,Mulher,Carlo Oliveira,Homem,1
Carla Verônica Marques,Mulher,Claudia Motta,Mulher,1
Carlo Oliveira,Homem,Claudia Motta,Mulher,1
Carlos H. P. Liberalino,Homem,Daniela C. Sena,Mulher,1
Carlos H. P. Liberalino,Homem,Francisco Chagas de Lima Júnior,Homem,1
Carlos Santos,Homem,Daniel Welfer,Homem,1
Carlos Santos,Homem,Marcelo Dias,Homem,1
Carlos Santos,Homem,Marcelo Ribeiro,Homem,1
Carlos Santos,Homem,Marilton Aguiar,Homem,1
Carolinne Roque e Faria,Mulher,Maurilio Martins Campano Júnior,Homem,1
Celciane Alves Vasconcelos,Mulher,Edio Roberto Manfio,Homem,1
Celciane Alves Vasconcelos,Mulher,Fabiane Cristina Altino,Mulher,1
Celciane Alves Vasconcelos,Mulher,Fábio Carlos Moreno,Homem,1
Celciane Alves Vasconcelos,Mulher,Marcelo Ozawa de Sousa,Homem,1
Celciane Alves Vasconcelos,Mulher,Maria Renata de Mira Gobbo,Mulher,1
Claudia Aparecida Martins,Mulher,Henrique Camacho Farias,Homem,1
Claudia Motta,Mulher,Paulo Roberto Filho,Homem,1
Claudia Motta,Mulher,Walkir Brito,Homem,1
Claudia Motta,Mulher,Zeca Borges,Homem,1
Claudiane Duarte Magalhães,Mulher,Eder Silva dos Santos Júnior,Homem,1
Cleber S. Peter,Homem,Felipe Marques,Homem,1
Cleber S. Peter,Homem,Jorge Barbosa,Homem,1
Cleber S. Peter,Homem,Lucas Penning,Homem,1
Cleidson Souza,Homem,Emanuel Rodrigues,Homem,1
Cleidson Souza,Homem,Fernando Figueira Filho,Homem,1
Cleidson Souza,Homem,Filipe Coelho,Homem,1
Cleidson Souza,Homem,Leandro de Almeida Melo,Homem,1
Cleidson Souza,Homem,Nelson Tenório Jr.,Homem,1
Cleiton Anderson Profilio dos Santos,Homem,Fábio Iaione,Homem,1
Cleiton Anderson Profilio dos Santos,Homem,Pedro Paulo Pires,Homem,1
Cleiton Anderson Profilio dos Santos,Homem,Quintino Izidio dos Santos Neto,Homem,1
Cleverson Nahum,Homem,Lucas Nóvoa,Homem,1
Cleverson Nahum,Homem,Silvia Lins,Mulher,1
Cleverson Nahum,Homem,Virgínia Tavares,Mulher,1
Cláudio Machado Diniz,Homem,Mateus Parker Porto,Homem,1
Cristiano Galafassi,Homem,Eliseo Reategui,Homem,1
Cristiano Galafassi,Homem,Fabiane Galafassi,Mulher,1
Cristiano Galafassi,Homem,Rosa Vicari,Mulher,1
Cristiano R. Cervi,Homem,Daniel M. Kuhn,Homem,1
Cristiano R. Cervi,Homem,Edimar Mânica,Homem,1
Daliton Silva,Homem,Guilherme Melquíades,Homem,1
Daliton Silva,Homem,Igor Vanderlei,Homem,1
Daliton Silva,Homem,Jean Araujo,Homem,1
Daliton Silva,Homem,Pedro Araújo,Homem,1
Daliton Silva,Homem,Pedro Neto,Homem,1
Daliton Silva,Homem,Rodrigo Rocha,Homem,1
Daliton Silva,Homem,Sandino Lamarca,Homem,1
Daniel Fernandes,Homem,Kaio Wagner,Homem,1
Daniel Folador Rossi,Homem,Karin Satie Komati,Mulher,1
Daniel Folador Rossi,Homem,Mateus Conrad Barcellos da Costa,Homem,1
Daniel L. Ferrão,Homem,Heider Marconi G. Madureira,Homem,1
Daniel L. Ferrão,Homem,Marcos B. Hervé,Homem,1
Daniel L. Ferrão,Homem,Murilo P. Pessatti,Homem,1
Daniel L. Ferrão,Homem,Paulo A. Dal Fabbro,Homem,1
Daniel M. Kuhn,Homem,Edimar Mânica,Homem,1
Daniel M. Palomino,Homem,Garibaldi da Silveira Junior,Homem,1
Daniel M. Palomino,Homem,Gilberto Kreisler,Homem,1
Daniel M. Palomino,Homem,Guilherme Correa,Homem,1
Daniel S. Souza,Homem,Diego L. Cardoso,Homem,1
Daniel S. Souza,Homem,Igor W. A. Falcão,Homem,1
Daniel S. Souza,Homem,Marcos C. R. Seruffo,Homem,1
Daniel S. Souza,Homem,Paulo H. A. Pereira,Homem,1
Daniel S. Souza,Homem,Rafael F. Vieira,Homem,1
Daniel Victor Teixeira Lima,Homem,Francisco de Albuquerque Júnior,Homem,1
Daniel Victor Teixeira Lima,Homem,Marcelino S. da Silva,Homem,1
Daniel Victor Teixeira Lima,Homem,Vanilze Vaz,Mulher,1
Daniel Welfer,Homem,Marcelo Dias,Homem,1
Daniel Welfer,Homem,Marcelo Ribeiro,Homem,1
Daniel Welfer,Homem,Marilton Aguiar,Homem,1
Daniel da A. Souza,Homem,Diego L. Cardoso,Homem,1
Daniel da A. Souza,Homem,Igor W. A. Falcão,Homem,1
Daniel da A. Souza,Homem,Paulo H. A. Pereira,Homem,1
Daniel da A. Souza,Homem,Rafael F. Vieira,Homem,1
Daniel da A. Souza,Homem,Rita de C. P. Cunha,Mulher,1
Daniela C. Sena,Mulher,Francisco Chagas de Lima Júnior,Homem,1
Daniele Fernandes e Silva,Mulher,Marilton Sanchotene de Aguiar,Homem,1
Daniele Fernandes e Silva,Mulher,Rafael Piccin Torchelsen,Homem,1
Danyllo W. Albuquerque,Homem,Mirko Perkusich,Homem,1
Dayvson Sales,Homem,Fábio J. Coutinho,Homem,1
Dayvson Sales,Homem,John Davi D. C. Pires,Homem,1
Dayvson Sales,Homem,Rebeca de Jesus Brandão,Mulher,1
Dayvson Sales,Homem,Samuel Lucas V. L. Barbosa,Homem,1
Dayvson Sales,Homem,Victor Accete,Homem,1
Dayvson Sales,Homem,Wagner Fontes,Homem,1
Denis Rosário,Homem,Derian Sobral,Homem,1
Denis Rosário,Homem,Eduardo Cerqueira,Homem,1
Denis Rosário,Homem,Elen Lobato,Mulher,1
Denis Rosário,Homem,Fábio Araújo,Homem,1
Denis Rosário,Homem,Helder Oliveira,Homem,1
Denis Rosário,Homem,Jean Moraes,Homem,1
Denis Rosário,Homem,Maria Tostes,Mulher,1
Denis Rosário,Homem,Stefany Pinheiro,Mulher,1
Denis Rosário,Homem,Ubiratan Bezerra,Homem,1
Denise Goya,Mulher,Sara B. O. G. Carturan,Mulher,1
Derian Sobral,Homem,Fábio Araújo,Homem,1
Derian Sobral,Homem,Helder Oliveira,Homem,1
Derian Sobral,Homem,Stefany Pinheiro,Mulher,1
Diego L. Cardoso,Homem,Igor W. A. Falcão,Homem,2
Diego L. Cardoso,Homem,Marcos C. R. Seruffo,Homem,1
Diego L. Cardoso,Homem,Paulo H. A. Pereira,Homem,2
Diego L. Cardoso,Homem,Rafael F. Vieira,Homem,2
Diego L. Cardoso,Homem,Rita de C. P. Cunha,Mulher,1
Diego Lisboa Cardoso,Homem,Diego de Lemos Brito da Silva,Homem,1
Diego Lisboa Cardoso,Homem,Fernando Augusto Ribeiro Costa,Homem,1
Diego Lisboa Cardoso,Homem,Flávio Rafael Trindade Moura,Homem,1
Diego Lisboa Cardoso,Homem,Harold Dias de Mello Junior,Homem,1
Diego Lisboa Cardoso,Homem,Karla Tereza Figueiredo Leite,Mulher,1
Diego Lisboa Cardoso,Homem,Marcos César da Rocha Seruffo,Homem,1
Diego de Lemos Brito da Silva,Homem,Fernando Augusto Ribeiro Costa,Homem,1
Diego de Lemos Brito da Silva,Homem,Flávio Rafael Trindade Moura,Homem,1
Diego de Lemos Brito da Silva,Homem,Harold Dias de Mello Junior,Homem,1
Diego de Lemos Brito da Silva,Homem,Karla Tereza Figueiredo Leite,Mulher,1
Diego de Lemos Brito da Silva,Homem,Marcos César da Rocha Seruffo,Homem,1
Diogo Lima Silva,Homem,Julio Cezar Silva,Homem,1
Eder Silva dos Santos Júnior,Homem,Roger Fredy Larico Chavez,Homem,1
Eder Silva dos Santos Júnior,Homem,Salomão Machado Mafalda,Homem,1
Edimar Roque Martello Junior,Homem,Ricardo Parizotto,Homem,1
Edio Roberto Manfio,Homem,Fabiane Cristina Altino,Mulher,1
Edio Roberto Manfio,Homem,Fábio Carlos Moreno,Homem,2
Edio Roberto Manfio,Homem,Marcelo Ozawa de Sousa,Homem,1
Edio Roberto Manfio,Homem,Maria Renata de Mira Gobbo,Mulher,1
Edleno Silva de Moura,Homem,Gabriel Jordão,Homem,1
Edleno Silva de Moura,Homem,Gustavo Barreto Maia,Homem,1
Edleno Silva de Moura,Homem,Rafael Costa,Homem,1
Eduardo C. Almeida,Homem,Erick Takeshi Moraes,Homem,1
Eduardo C. Almeida,Homem,Larissa Mukuno,Mulher,1
Eduardo C. Almeida,Homem,Paulo R. L. de Almeida,Homem,1
Eduardo C. Almeida,Homem,Rafael Mansur Haddad,Homem,1
Eduardo Cerqueira,Homem,Elen Lobato,Mulher,1
Eduardo Cerqueira,Homem,Jean Moraes,Homem,1
Eduardo Cerqueira,Homem,Maria Tostes,Mulher,1
Eduardo Cerqueira,Homem,Ubiratan Bezerra,Homem,1
Eduardo F. Nakamura,Homem,Fabiola F. Nakamura,Mulher,2
Eduardo F. Nakamura,Homem,João Reis,Homem,1
Eduardo M. Pereira,Homem,Fernando Vinturin,Homem,1
Eduardo M. Pereira,Homem,Guilherme A. Zimeo Morais,Homem,1
Eduardo M. Pereira,Homem,Maickel Hubner,Homem,1
Eduardo M. Pereira,Homem,Marcelo Santos,Homem,1
Eduardo Maroñas Monks,Homem,Guilherme Bayer Scheneider,Homem,1
Eduardo Maroñas Monks,Homem,Helida Santos,Mulher,1
Eduardo Maroñas Monks,Homem,Renata Hax Sander Reiser,Mulher,1
Eduardo Tavares,Homem,Gustavo Callou,Homem,1
Eduardo Tavares,Homem,Thiago Valentim,Homem,1
Elen Lobato,Mulher,Jean Moraes,Homem,1
Elen Lobato,Mulher,Maria Tostes,Mulher,1
Elen Lobato,Mulher,Ubiratan Bezerra,Homem,1
Elisa Yumi Nakagawa,Mulher,João Paulo K. S. Nunes,Homem,1
Elisa Yumi Nakagawa,Mulher,Thiago Bianchi,Homem,1
Eliseo Reategui,Homem,Fabiane Galafassi,Mulher,1
Eliseo Reategui,Homem,Rosa Vicari,Mulher,1
Emanuel Felipe Duarte,Homem,Josiane Rosa de Oliveira Gaia Pimenta,Mulher,2
Emanuel Felipe Duarte,Homem,Maria Cecilia Calani Baranauskas,Mulher,2
Emanuel Rodrigues,Homem,Filipe Coelho,Homem,1
Emerson Klippel,Homem,Mateus Coelho Silva,Homem,1
Emerson Klippel,Homem,Ricardo A. R. Oliveira,Homem,1
Emerson Klippel,Homem,Ricardo C. Câmara de M. Santos,Homem,1
Emerson Klippel,Homem,Rodrigo Lucas Santos,Homem,1
Erick T. A. Silva,Homem,Melise M. V. Paula,Mulher,1
Erick T. A. Silva,Homem,Rafael M. D.,Homem,1
Erick T. A. Silva,Homem,Vanessa C. O. Souza,Mulher,1
Erick Takeshi Moraes,Homem,Larissa Mukuno,Mulher,1
Erick Takeshi Moraes,Homem,Rafael Mansur Haddad,Homem,1
Erlandson F. Saraiva,Homem,Guilherme G. Souza,Homem,1
Erlandson F. Saraiva,Homem,Ricardo R. Santos,Homem,1
Evandro C. Barros,Homem,Giseldo S. Neo,Homem,1
Evandro C. Barros,Homem,Wanderson R. M. Rodrigues,Homem,1
Everton Cavalcante,Homem,Felipe Rocha,Homem,2
Everton Cavalcante,Homem,Jorge Pereira,Homem,1
Everton Cavalcante,Homem,José Gameleira Neto,Homem,1
Everton Cavalcante,Homem,João Victor Lopes,Homem,1
Everton Cavalcante,Homem,Luís Felipe Santos,Homem,1
Everton Cavalcante,Homem,Oswaldo de Oliveira,Homem,1
Everton Cavalcante,Homem,Sâmela Ferreira,Mulher,1
Everton Cavalcante,Homem,Thais Batista,Mulher,3
Fabiane Cristina Altino,Mulher,Fábio Carlos Moreno,Homem,1
Fabiane Cristina Altino,Mulher,Marcelo Ozawa de Sousa,Homem,1
Fabiane Cristina Altino,Mulher,Maria Renata de Mira Gobbo,Mulher,1
Fabiane Galafassi,Mulher,Rosa Vicari,Mulher,1
Fabiano L. de Sousa,Homem,Leonardo B. da Luz,Homem,1
Fabiano L. de Sousa,Homem,Ronan A. J. Chagas,Homem,1
Fabiola F. Nakamura,Mulher,João Reis,Homem,1
Fabrício Neitzke Ferreira,Homem,Leonardo Costa Reichow,Homem,1
Fabrício Neitzke Ferreira,Homem,Renata Hax Sander Reiser,Mulher,1
Fabrício Neitzke Ferreira,Homem,Rodrigo Blanke Lambrecht,Homem,1
Felipe A. Ferreira,Homem,Hélio Lopes,Homem,1
Felipe A. Ferreira,Homem,Rodrigo V. Kassick,Homem,1
Felipe A. Ferreira,Homem,Vinícius Furlan,Homem,1
Felipe C. Monteiro,Homem,Felipe T. Brito,Homem,1
Felipe C. Monteiro,Homem,Iago C. Chaves,Homem,1
Felipe Haertel,Homem,Jorge Barbosa,Homem,1
Felipe Haertel,Homem,João Lopes,Homem,1
Felipe Haertel,Homem,Leandro Camargo,Homem,1
Felipe Hiroshi Baron,Homem,Fábio Iaione,Homem,1
Felipe M. Barbosa,Homem,Fernando S. Osório,Homem,1
Felipe Marques,Homem,Jorge Barbosa,Homem,1
Felipe Marques,Homem,Lucas Penning,Homem,1
Felipe Marques,Homem,Paulo Ricardo B. Dutra Lima,Homem,1
Felipe Marques,Homem,Sabrina Orth,Mulher,1
Felipe Rocha,Homem,José Gameleira Neto,Homem,1
Felipe Rocha,Homem,Luís Felipe Santos,Homem,1
Felipe Rocha,Homem,Oswaldo de Oliveira,Homem,1
Felipe Rocha,Homem,Pedro Paulo Balbi,Homem,1
Felipe Rocha,Homem,Sâmela Ferreira,Mulher,1
Felipe Rocha,Homem,Thais Batista,Mulher,2
Felipe T. Brito,Homem,Iago C. Chaves,Homem,1
Fernanda Campos,Mulher,Lucas Bressan,Homem,1
Fernanda Campos,Mulher,Regina Braga,Mulher,1
Fernando Augusto Ribeiro Costa,Homem,Flávio Rafael Trindade Moura,Homem,1
Fernando Augusto Ribeiro Costa,Homem,Harold Dias de Mello Junior,Homem,1
Fernando Augusto Ribeiro Costa,Homem,Karla Tereza Figueiredo Leite,Mulher,1
Fernando Augusto Ribeiro Costa,Homem,Marcos César da Rocha Seruffo,Homem,1
Fernando Figueira Filho,Homem,Leandro de Almeida Melo,Homem,1
Fernando Figueira Filho,Homem,Nelson Tenório Jr.,Homem,1
Fernando Vinturin,Homem,Guilherme A. Zimeo Morais,Homem,1
Fernando Vinturin,Homem,Maickel Hubner,Homem,1
Fernando Vinturin,Homem,Marcelo Santos,Homem,1
Flávia Maria Santoro,Mulher,Jonice Oliveira,Mulher,2
Flávia Maria Santoro,Mulher,Luiz Paulo Carvalho,Homem,2
Flávia Maria Santoro,Mulher,Michele A. Brandão,Mulher,2
Flávia Maria Santoro,Mulher,Mônica Ferreira da Silva,Mulher,1
Flávia Maria Santoro,Mulher,Silas Lima Filho,Homem,1
Flávia Maria Santoro,Mulher,Thais Batista,Mulher,1
Flávio Rafael Trindade Moura,Homem,Harold Dias de Mello Junior,Homem,1
Flávio Rafael Trindade Moura,Homem,Karla Tereza Figueiredo Leite,Mulher,1
Flávio Rafael Trindade Moura,Homem,Marcos César da Rocha Seruffo,Homem,1
Francisco Gomes,Homem,Maurício Moreira Neto,Homem,1
Francisco Gomes,Homem,Vitória Silvestre,Mulher,1
Francisco Nivando Bezerra,Homem,Savio Lopes Rabelo,Homem,1
Francisco Nivando Bezerra,Homem,Tamara Arruda Pereira,Mulher,1
Francisco de Albuquerque Júnior,Homem,Marcelino S. da Silva,Homem,1
Francisco de Albuquerque Júnior,Homem,Vanilze Vaz,Mulher,1
Francisco de Assis Boldt,Homem,Hilário Tomaz Alves de Oliveira,Homem,1
Francisco de Assis Boldt,Homem,Israel de Morais Madalena,Homem,1
Francisco de Assis Boldt,Homem,Jefferson Oliveira Andrade,Homem,1
Francisco de Assis Boldt,Homem,Karin Satie Komati,Mulher,1
Francisco de Assis Boldt,Homem,Leandro Baêta Lustosa Pontes,Homem,1
Francisco de Assis Boldt,Homem,Leandro Rodrigues Ramos,Homem,1
Franklin Barcellos,Homem,Rodrigo Lambrecht,Homem,1
Franklin Barcellos,Homem,Rogério Albandes,Homem,1
Franklin César Flores,Homem,Gustavo Henrique de Oliveira,Homem,1
Fábio Araújo,Homem,Helder Oliveira,Homem,1
Fábio Araújo,Homem,Stefany Pinheiro,Mulher,1
Fábio Carlos Moreno,Homem,Marcelo Ozawa de Sousa,Homem,1
Fábio Carlos Moreno,Homem,Maria Renata de Mira Gobbo,Mulher,1
Fábio Iaione,Homem,Natyelle Oliveira Silotti,Mulher,1
Fábio Iaione,Homem,Pedro Paulo Pires,Homem,1
Fábio Iaione,Homem,Quintino Izidio dos Santos Neto,Homem,1
Fábio J. Coutinho,Homem,John Davi D. C. Pires,Homem,1
Fábio J. Coutinho,Homem,Rebeca de Jesus Brandão,Mulher,1
Fábio J. Coutinho,Homem,Samuel Lucas V. L. Barbosa,Homem,1
Fábio J. Coutinho,Homem,Victor Accete,Homem,1
Fábio J. Coutinho,Homem,Wagner Fontes,Homem,1
Fábio Rodrigues de la Rocha,Homem,Michelle Wangham,Mulher,1
Gabriel Jordão,Homem,Gustavo Barreto Maia,Homem,1
Gabriel Jordão,Homem,Rafael Costa,Homem,1
Gabriel O. Souza,Homem,Juliano F. Kazienko,Homem,1
Gabriel O. Souza,Homem,Nícolas Naves R. Faria,Homem,1
Gabriel O. Souza,Homem,Silvio E. Quincozes,Homem,1
Gabriel O. Souza,Homem,Vagner E. Quincozes,Homem,1
Garibaldi da Silveira Junior,Homem,Gilberto Kreisler,Homem,1
Garibaldi da Silveira Junior,Homem,Guilherme Correa,Homem,1
Geovanna Evelyn Taype Espinoza,Mulher,Maria Cecilia Calani Baranauskas,Mulher,1
Gilberto Kreisler,Homem,Guilherme Correa,Homem,1
Giseldo S. Neo,Homem,Wanderson R. M. Rodrigues,Homem,1
Greice P. Dal Molin,Mulher,Nina N. Zahn,Mulher,1
Greice P. Dal Molin,Mulher,Soraia R. Musse,Mulher,1
Guilherme A. Zimeo Morais,Homem,Maickel Hubner,Homem,1
Guilherme A. Zimeo Morais,Homem,Marcelo Santos,Homem,1
Guilherme Bayer Scheneider,Homem,Helida Santos,Mulher,1
Guilherme Bayer Scheneider,Homem,Renata Hax Sander Reiser,Mulher,1
Guilherme G. Souza,Homem,Ricardo R. Santos,Homem,1
Guilherme Melquíades,Homem,Igor Vanderlei,Homem,1
Guilherme Melquíades,Homem,Jean Araujo,Homem,1
Guilherme Melquíades,Homem,Pedro Araújo,Homem,1
Guilherme Melquíades,Homem,Pedro Neto,Homem,1
Guilherme Melquíades,Homem,Rodrigo Rocha,Homem,1
Guilherme Melquíades,Homem,Sandino Lamarca,Homem,1
Guilherme de S. Peixoto,Homem,José E. B. de S. Linhares,Homem,1
Guillermo Cámara Chávez,Homem,Hugo Eduardo Ziviani,Homem,1
Guillermo Cámara Chávez,Homem,Mateus Coelho Silva,Homem,1
Gustavo Barreto Maia,Homem,Rafael Costa,Homem,1
Gustavo Callou,Homem,Jamilson Dantas,Homem,1
Gustavo Callou,Homem,Thiago Valentim,Homem,2
Gustavo R. de Almeida Callou,Homem,Osvaldo M. dos Santos Neto,Homem,1
Harold Dias de Mello Junior,Homem,Karla Tereza Figueiredo Leite,Mulher,1
Harold Dias de Mello Junior,Homem,Marcos César da Rocha Seruffo,Homem,1
Heider Marconi G. Madureira,Homem,Marcos B. Hervé,Homem,1
Heider Marconi G. Madureira,Homem,Murilo P. Pessatti,Homem,1
Heider Marconi G. Madureira,Homem,Paulo A. Dal Fabbro,Homem,1
Helder Oliveira,Homem,Stefany Pinheiro,Mulher,1
Helida Santos,Mulher,Renata Hax Sander Reiser,Mulher,1
Helton Maia,Homem,John Victor Alves Luiz,Homem,1
Helton Maia,Homem,Mateus Eloi da Silva Bastos,Homem,1
Helton Maia,Homem,Richardson Menezes,Homem,1
Helton Maia,Homem,Richardson Santiago Teles de Menezes,Homem,2
Helton Maia,Homem,Rossana Moreno Santa Cruz,Mulher,1
Helton Maia,Homem,Vitor Yeso Fidelis Freitas,Homem,1
Herleson Paiva Pontes,Homem,Juliana Pereira Cabral,Mulher,1
Hilário Tomaz Alves de Oliveira,Homem,Leandro Baêta Lustosa Pontes,Homem,1
Hugo Eduardo Ziviani,Homem,Mateus Coelho Silva,Homem,1
Hélio Lopes,Homem,Rodrigo V. Kassick,Homem,1
Hélio Lopes,Homem,Vinícius Furlan,Homem,1
Igor Muzetti Pereira,Homem,Vicente José Peixoto de Amorim,Homem,1
Igor Vanderlei,Homem,Jean Araujo,Homem,1
Igor Vanderlei,Homem,Pedro Araújo,Homem,1
Igor Vanderlei,Homem,Pedro Neto,Homem,1
Igor Vanderlei,Homem,Rodrigo Rocha,Homem,1
Igor Vanderlei,Homem,Sandino Lamarca,Homem,1
Igor W. A. Falcão,Homem,Marcos C. R. Seruffo,Homem,1
Igor W. A. Falcão,Homem,Paulo H. A. Pereira,Homem,2
Igor W. A. Falcão,Homem,Rafael F. Vieira,Homem,2
Igor W. A. Falcão,Homem,Rita de C. P. Cunha,Mulher,1
Ismael Araújo Ramos,Homem,Márcio André Baima Amora,Homem,1
Jamilson Dantas,Homem,Thiago Valentim,Homem,1
Javier Guillot Jiménez,Homem,Luiz André P. Paes Leme,Homem,1
Javier Guillot Jiménez,Homem,Marco A. Casanova,Homem,1
Jean Araujo,Homem,Pedro Araújo,Homem,1
Jean Araujo,Homem,Pedro Neto,Homem,1
Jean Araujo,Homem,Rodrigo Rocha,Homem,1
Jean Araujo,Homem,Sandino Lamarca,Homem,1
Jean Moraes,Homem,Maria Tostes,Mulher,1
Jean Moraes,Homem,Ubiratan Bezerra,Homem,1
Jefferson Andrade,Homem,Karin Komati,Mulher,1
Jefferson Andrade,Homem,Luiz Pinto,Homem,1
Jefferson Oliveira Andrade,Homem,Karin Satie Komati,Mulher,1
Jefferson Oliveira Andrade,Homem,Leandro Rodrigues Ramos,Homem,1
John Davi D. C. Pires,Homem,Rebeca de Jesus Brandão,Mulher,1
John Davi D. C. Pires,Homem,Samuel Lucas V. L. Barbosa,Homem,1
John Davi D. C. Pires,Homem,Victor Accete,Homem,1
John Davi D. C. Pires,Homem,Wagner Fontes,Homem,1
John Victor Alves Luiz,Homem,Richardson Santiago Teles de Menezes,Homem,1
John Victor Alves Luiz,Homem,Rossana Moreno Santa Cruz,Mulher,1
Jonathan C. F. da Silva,Homem,Mateus Coelho Silva,Homem,1
Jonathan C. F. da Silva,Homem,Patrick B. N. Alvim,Homem,1
Jonathan C. F. da Silva,Homem,Pedro S. O. Lazaroni,Homem,1
Jonathan C. F. da Silva,Homem,Ricardo A. R. Oliveira,Homem,1
Jonathan C. F. da Silva,Homem,Vicente J. P. Amorim,Homem,1
Jonathan Nau,Homem,Rudimar Luís Scaranto Dazzi,Homem,1
Jonice Oliveira,Mulher,Luiz Paulo Carvalho,Homem,2
Jonice Oliveira,Mulher,Michele A. Brandão,Mulher,2
Jonice Oliveira,Mulher,Mônica Ferreira da Silva,Mulher,1
Jonice Oliveira,Mulher,Silas Lima Filho,Homem,1
Jonice Oliveira,Mulher,Thais Batista,Mulher,1
Jorge Barbosa,Homem,João Lopes,Homem,1
Jorge Barbosa,Homem,Leandro Camargo,Homem,1
Jorge Barbosa,Homem,Lucas Penning,Homem,1
Jorge Pereira,Homem,João Victor Lopes,Homem,1
Jorge Pereira,Homem,Thais Batista,Mulher,1
Josiane Rosa de Oliveira Gaia Pimenta,Mulher,Maria Cecilia Calani Baranauskas,Mulher,3
José Gameleira Neto,Homem,Luís Felipe Santos,Homem,1
José Gameleira Neto,Homem,Thais Batista,Mulher,1
João Gustavo Kienen,Homem,Julia Luiza da Conceição,Mulher,1
João Gustavo Kienen,Homem,Rosiane Freitas,Mulher,1
João Gustavo Kienen,Homem,Sérgio Anders,Homem,1
João Lopes,Homem,Leandro Camargo,Homem,1
João Lopes,Homem,Roger Machado,Homem,1
João Lopes,Homem,Rogério Albandes,Homem,1
João M. M. C. Cota,Homem,Raquel O. Prates,Mulher,1
João Marcos Cavalcanti,Homem,Marcela Pessoa,Mulher,1
João Marcos Cavalcanti,Homem,Robson Melo,Homem,1
João Marcos Cavalcanti,Homem,Sergio Cleger,Homem,1
João Paulo K. S. Nunes,Homem,Thiago Bianchi,Homem,1
João Paulo de S. Rodrigues,Homem,Kleverton Robson da Silva Cordovil,Homem,1
João Paulo de S. Rodrigues,Homem,Orlando Shigueo Ohashi Junior,Homem,1
João Paulo de S. Rodrigues,Homem,Renato Hidaka Torres,Homem,1
João Victor Lopes,Homem,Thais Batista,Mulher,1
Julia Luiza da Conceição,Mulher,Rosiane Freitas,Mulher,1
Julia Luiza da Conceição,Mulher,Sérgio Anders,Homem,1
Juliano F. Kazienko,Homem,Nícolas Naves R. Faria,Homem,1
Juliano F. Kazienko,Homem,Silvio E. Quincozes,Homem,1
Juliano F. Kazienko,Homem,Vagner E. Quincozes,Homem,1
Julio Cesar S. de Souza,Homem,Luiz Phillip Q. da Silva,Homem,1
Julio Cesar S. de Souza,Homem,Milton Brown Do C. Filho,Homem,1
Júlio C. S. Mendes,Homem,Karina M. Johansson,Mulher,1
Júlio C. S. Mendes,Homem,Livy Real,Mulher,1
Júlio C. S. Mendes,Homem,Márcio T. I. Oshiro,Homem,1
Karin Komati,Mulher,Luiz Pinto,Homem,1
Karin Satie Komati,Mulher,Leandro Rodrigues Ramos,Homem,1
Karin Satie Komati,Mulher,Mateus Conrad Barcellos da Costa,Homem,1
Karina M. Johansson,Mulher,Livy Real,Mulher,1
Karina M. Johansson,Mulher,Márcio T. I. Oshiro,Homem,1
Karla Figueiredo,Mulher,Walkir A. T. Brito,Homem,1
Karla Tereza Figueiredo Leite,Mulher,Marcos César da Rocha Seruffo,Homem,1
Kelly Assis de Souza Gazolli,Mulher,Luiz Antonio Roque Guzzo,Homem,1
Kleverton Robson da Silva Cordovil,Homem,Orlando Shigueo Ohashi Junior,Homem,1
Kleverton Robson da Silva Cordovil,Homem,Renato Hidaka Torres,Homem,1
Larissa F. S. Britto,Mulher,Luciano D. S. Pacífico,Homem,1
Larissa F. S. Britto,Mulher,Teresa B. Ludermir,Mulher,1
Larissa Mukuno,Mulher,Rafael Mansur Haddad,Homem,1
Leandro de Almeida Melo,Homem,Nelson Tenório Jr.,Homem,1
Leonardo B. da Luz,Homem,Ronan A. J. Chagas,Homem,1
Leonardo Costa Reichow,Homem,Renata Hax Sander Reiser,Mulher,1
Leonardo Costa Reichow,Homem,Rodrigo Blanke Lambrecht,Homem,1
Leonardo M. Souza,Homem,Vanessa C. O. Souza,Mulher,1
Libério Silva,Homem,Sanderson Gonzaga de Oliveira,Homem,1
Livy Real,Mulher,Márcio T. I. Oshiro,Homem,1
Lucas Bressan,Homem,Regina Braga,Mulher,1
Lucas Moreira e Silva Alves,Homem,Marcos Henrique Alves da Silva,Homem,1
Lucas Moreira e Silva Alves,Homem,Rostand Edson Oliveira Costa,Homem,1
Lucas Moreira e Silva Alves,Homem,Samuel de Moura Moreira,Homem,1
Lucas Moreira e Silva Alves,Homem,Tiago Maritan Ugulino de Araújo,Homem,1
Lucas Nóvoa,Homem,Silvia Lins,Mulher,1
Lucas Nóvoa,Homem,Virgínia Tavares,Mulher,1
Lucas R. Mendonça,Homem,Maria Andréia F. Rodrigues,Mulher,1
Lucas R. Mendonça,Homem,Nabor C. Mendonça,Homem,1
Luciano D. S. Pacífico,Homem,Teresa B. Ludermir,Mulher,1
Luiz André P. Paes Leme,Homem,Marco A. Casanova,Homem,1
Luiz C. Ferreira,Homem,Marcelino S. da Silva,Homem,1
Luiz C. Ferreira,Homem,Rodrigo Dutra,Homem,1
Luiz C. Ferreira,Homem,Vitor Hugo M. Gomes,Homem,1
Luiz C. Ferreira,Homem,Weverson Nascimento,Homem,1
Luiz Paulo Carvalho,Homem,Michele A. Brandão,Mulher,2
Luiz Paulo Carvalho,Homem,Mônica Ferreira da Silva,Mulher,1
Luiz Paulo Carvalho,Homem,Silas Lima Filho,Homem,1
Luiz Paulo Carvalho,Homem,Thais Batista,Mulher,1
Luiz Phillip Q. da Silva,Homem,Milton Brown Do C. Filho,Homem,1
Luís Felipe Santos,Homem,Thais Batista,Mulher,1
Maickel Hubner,Homem,Marcelo Santos,Homem,1
Marcela Pessoa,Mulher,Robson Melo,Homem,1
Marcela Pessoa,Mulher,Sergio Cleger,Homem,1
Marcelino S. da Silva,Homem,Rodrigo Dutra,Homem,1
Marcelino S. da Silva,Homem,Vanilze Vaz,Mulher,1
Marcelino S. da Silva,Homem,Vitor Hugo M. Gomes,Homem,1
Marcelino S. da Silva,Homem,Weverson Nascimento,Homem,1
Marcelo Dias,Homem,Marcelo Ribeiro,Homem,1
Marcelo Dias,Homem,Marilton Aguiar,Homem,1
Marcelo Ozawa de Sousa,Homem,Maria Renata de Mira Gobbo,Mulher,1
Marcelo Ribeiro,Homem,Marilton Aguiar,Homem,1
Marcos B. Hervé,Homem,Murilo P. Pessatti,Homem,1
Marcos B. Hervé,Homem,Paulo A. Dal Fabbro,Homem,1
Marcos C. R. Seruffo,Homem,Paulo H. A. Pereira,Homem,1
Marcos C. R. Seruffo,Homem,Rafael F. Vieira,Homem,1
Marcos Henrique Alves da Silva,Homem,Rostand Edson Oliveira Costa,Homem,1
Marcos Henrique Alves da Silva,Homem,Samuel de Moura Moreira,Homem,1
Marcos Henrique Alves da Silva,Homem,Tiago Maritan Ugulino de Araújo,Homem,1
Maria Andréia F. Rodrigues,Mulher,Nabor C. Mendonça,Homem,1
Maria Tostes,Mulher,Ubiratan Bezerra,Homem,1
Marilton Sanchotene de Aguiar,Homem,Rafael Piccin Torchelsen,Homem,1
Mateus Coelho Silva,Homem,Patrick B. N. Alvim,Homem,1
Mateus Coelho Silva,Homem,Pedro S. O. Lazaroni,Homem,1
Mateus Coelho Silva,Homem,Ricardo A. R. Oliveira,Homem,2
Mateus Coelho Silva,Homem,Ricardo Augusto Rabelo Oliveira,Homem,1
Mateus Coelho Silva,Homem,Ricardo C. Câmara de M. Santos,Homem,1
Mateus Coelho Silva,Homem,Rodrigo Lucas Santos,Homem,1
Mateus Coelho Silva,Homem,Saul Delabrida,Homem,1
Mateus Coelho Silva,Homem,Sérvio Pontes Ribeiro,Homem,1
Mateus Coelho Silva,Homem,Vicente J. P. Amorim,Homem,1
Mateus Eloi da Silva Bastos,Homem,Richardson Santiago Teles de Menezes,Homem,1
Mateus Eloi da Silva Bastos,Homem,Vitor Yeso Fidelis Freitas,Homem,1
Matheus da Silva Serpa,Homem,Philippe Olivier Alexandre Navaux,Homem,1
Maurício Moreira Neto,Homem,Vitória Silvestre,Mulher,1
Max Filipe da Costa Braga,Homem,Orlando Shigueo Ohashi Junior,Homem,1
Max Filipe da Costa Braga,Homem,Renato Hidaka Torres,Homem,1
Max Filipe da Costa Braga,Homem,Wilson Rogério Soares e Silva,Homem,1
Melise M. V. Paula,Mulher,Rafael M. D.,Homem,1
Melise M. V. Paula,Mulher,Rafael M. D. Frinhani,Homem,1
Melise M. V. Paula,Mulher,Thiago A. S. S. Cortez,Homem,1
Melise M. V. Paula,Mulher,Vanessa C. O. Souza,Mulher,2
Michele A. Brandão,Mulher,Mônica Ferreira da Silva,Mulher,1
Michele A. Brandão,Mulher,Silas Lima Filho,Homem,1
Michele A. Brandão,Mulher,Thais Batista,Mulher,1
Murilo P. Pessatti,Homem,Paulo A. Dal Fabbro,Homem,1
Mônica Ferreira da Silva,Mulher,Silas Lima Filho,Homem,1
Nina N. Zahn,Mulher,Soraia R. Musse,Mulher,1
Nícolas Naves R. Faria,Homem,Silvio E. Quincozes,Homem,1
Nícolas Naves R. Faria,Homem,Vagner E. Quincozes,Homem,1
Orlando Shigueo Ohashi Junior,Homem,Renato Hidaka Torres,Homem,2
Orlando Shigueo Ohashi Junior,Homem,Wilson Rogério Soares e Silva,Homem,1
Oswaldo de Oliveira,Homem,Sâmela Ferreira,Mulher,1
Oswaldo de Oliveira,Homem,Thais Batista,Mulher,1
Patrick B. N. Alvim,Homem,Pedro S. O. Lazaroni,Homem,1
Patrick B. N. Alvim,Homem,Ricardo A. R. Oliveira,Homem,1
Patrick B. N. Alvim,Homem,Vicente J. P. Amorim,Homem,1
Patrick Fernandes,Homem,Renata Reiser,Mulher,1
Patrick Fernandes,Homem,Renato Dilli,Homem,1
Paulo Ditarso Maciel Jr.,Homem,Rodrigo de Brito Lira,Homem,1
Paulo Ditarso Maciel Jr.,Homem,Thiago Gouveia,Homem,1
Paulo H. A. Pereira,Homem,Rafael F. Vieira,Homem,2
Paulo H. A. Pereira,Homem,Rita de C. P. Cunha,Mulher,1
Paulo Ricardo B. Dutra Lima,Homem,Sabrina Orth,Mulher,1
Paulo Roberto Filho,Homem,Walkir Brito,Homem,1
Paulo Roberto Filho,Homem,Zeca Borges,Homem,1
Pedro Araújo,Homem,Pedro Neto,Homem,1
Pedro Araújo,Homem,Rodrigo Rocha,Homem,1
Pedro Araújo,Homem,Sandino Lamarca,Homem,1
Pedro Neto,Homem,Rodrigo Rocha,Homem,1
Pedro Neto,Homem,Sandino Lamarca,Homem,1
Pedro Paulo Pires,Homem,Quintino Izidio dos Santos Neto,Homem,1
Pedro S. O. Lazaroni,Homem,Ricardo A. R. Oliveira,Homem,1
Pedro S. O. Lazaroni,Homem,Vicente J. P. Amorim,Homem,1
Rafael F. Vieira,Homem,Rita de C. P. Cunha,Mulher,1
Rafael M. D.,Homem,Vanessa C. O. Souza,Mulher,1
Rafael M. D. Frinhani,Homem,Thiago A. S. S. Cortez,Homem,1
Rafael M. D. Frinhani,Homem,Vanessa C. O. Souza,Mulher,1
Rebeca de Jesus Brandão,Mulher,Samuel Lucas V. L. Barbosa,Homem,1
Rebeca de Jesus Brandão,Mulher,Victor Accete,Homem,1
Rebeca de Jesus Brandão,Mulher,Wagner Fontes,Homem,1
Renata Hax Sander Reiser,Mulher,Rodrigo Blanke Lambrecht,Homem,1
Renata Reiser,Mulher,Renato Dilli,Homem,1
Renato Hidaka Torres,Homem,Wilson Rogério Soares e Silva,Homem,1
Ricardo A. R. Oliveira,Homem,Ricardo C. Câmara de M. Santos,Homem,1
Ricardo A. R. Oliveira,Homem,Rodrigo Lucas Santos,Homem,1
Ricardo A. R. Oliveira,Homem,Vicente J. P. Amorim,Homem,1
Ricardo Augusto Rabelo Oliveira,Homem,Saul Delabrida,Homem,1
Ricardo Augusto Rabelo Oliveira,Homem,Sérvio Pontes Ribeiro,Homem,1
Ricardo C. Câmara de M. Santos,Homem,Rodrigo Lucas Santos,Homem,1
Richardson Santiago Teles de Menezes,Homem,Rossana Moreno Santa Cruz,Mulher,1
Richardson Santiago Teles de Menezes,Homem,Vitor Yeso Fidelis Freitas,Homem,1
Roberto C. L. de Oliveira,Homem,Thiago N.M. S. Conte,Homem,1
Robson Melo,Homem,Sergio Cleger,Homem,1
Rodrigo Dutra,Homem,Vitor Hugo M. Gomes,Homem,1
Rodrigo Dutra,Homem,Weverson Nascimento,Homem,1
Rodrigo Lambrecht,Homem,Rogério Albandes,Homem,1
Rodrigo Rocha,Homem,Sandino Lamarca,Homem,1
Rodrigo V. Kassick,Homem,Vinícius Furlan,Homem,1
Rodrigo de Brito Lira,Homem,Thiago Gouveia,Homem,1
Roger Fredy Larico Chavez,Homem,Salomão Machado Mafalda,Homem,1
Roger Machado,Homem,Rogério Albandes,Homem,2
Rosiane Freitas,Mulher,Sérgio Anders,Homem,1
Rostand Edson Oliveira Costa,Homem,Samuel de Moura Moreira,Homem,1
Rostand Edson Oliveira Costa,Homem,Tiago Maritan Ugulino de Araújo,Homem,1
Ruan Delgado Gomes,Homem,Zenildo Cézar,Homem,1
Samuel Lucas V. L. Barbosa,Homem,Victor Accete,Homem,1
Samuel Lucas V. L. Barbosa,Homem,Wagner Fontes,Homem,1
Samuel de Moura Moreira,Homem,Tiago Maritan Ugulino de Araújo,Homem,1
Saul Delabrida,Homem,Sérvio Pontes Ribeiro,Homem,1
Savio Lopes Rabelo,Homem,Tamara Arruda Pereira,Mulher,1
Silvia Lins,Mulher,Virgínia Tavares,Mulher,1
Silvio E. Quincozes,Homem,Vagner E. Quincozes,Homem,1
Sâmela Ferreira,Mulher,Thais Batista,Mulher,1
Thiago A. S. S. Cortez,Homem,Vanessa C. O. Souza,Mulher,1
Victor Accete,Homem,Wagner Fontes,Homem,1
Vitor Hugo M. Gomes,Homem,Weverson Nascimento,Homem,1
Walkir Brito,Homem,Zeca Borges,Homem,1
